filename	onset	offset	event_label
RzXYJAIr27U_0_10.wav	0.6599999999999999	9.999	Blender
R13dyHEg1bM_400_410.wav	4.323	4.521	Dishes
R13dyHEg1bM_400_410.wav	9.141	9.405	Dishes
R13dyHEg1bM_400_410.wav	1.551	2.442	Speech
R13dyHEg1bM_400_410.wav	4.587	5.874	Speech
R13dyHEg1bM_400_410.wav	6.765	8.118	Speech
B2hv0XvgwdM_154_164.wav	1.848	6.797999999999999	Blender
B2hv0XvgwdM_154_164.wav	0.0	1.65	Speech
B2hv0XvgwdM_154_164.wav	7.425	9.867	Speech
RVBXpQz_vQg_0_10.wav	0.9570000000000001	5.2799999999999985	Alarm_bell_ringing
RVBXpQz_vQg_0_10.wav	6.237	9.999	Alarm_bell_ringing
92DnfXg9Y6k_1200_1210.wav	0.0	9.999	Vacuum_cleaner
4xhzacM1PSA_32_42.wav	0.132	1.155	Cat
4xhzacM1PSA_32_42.wav	4.3889999999999985	5.148	Cat
4xhzacM1PSA_32_42.wav	5.709	6.401999999999999	Cat
4xhzacM1PSA_32_42.wav	7.425	8.151	Cat
4xhzacM1PSA_32_42.wav	9.075	9.834	Cat
zD6DnESj7Cc_1182_1192.wav	1.65	1.7819999999999998	Dishes
zD6DnESj7Cc_1182_1192.wav	2.112	3.762	Dishes
zD6DnESj7Cc_1182_1192.wav	7.127999999999999	9.735	Dishes
zD6DnESj7Cc_1182_1192.wav	0.0	9.999	Frying
zD6DnESj7Cc_1182_1192.wav	5.544	6.566999999999998	Speech
8RObHsG-C1M_0_10.wav	0.0	9.999	Vacuum_cleaner
ySIsHJbxQcQ_0_10.wav	0.198	1.3199999999999998	Alarm_bell_ringing
ySIsHJbxQcQ_0_10.wav	1.749	2.145	Alarm_bell_ringing
ySIsHJbxQcQ_0_10.wav	3.531	3.729	Dog
ySIsHJbxQcQ_0_10.wav	5.2799999999999985	9.999	Dog
oYhQZ4gt_fw_346_356.wav	4.884	5.907	Dishes
oYhQZ4gt_fw_346_356.wav	7.029	7.425	Dishes
oYhQZ4gt_fw_346_356.wav	8.679	9.042	Dishes
oYhQZ4gt_fw_346_356.wav	0.0	4.323	Speech
oYhQZ4gt_fw_346_356.wav	7.359	8.811	Speech
oYhQZ4gt_fw_346_356.wav	9.141	9.999	Speech
xkMBZ3Vrga8_78_88.wav	3.069	6.27	Blender
xkMBZ3Vrga8_78_88.wav	0.0	2.178	Speech
xkMBZ3Vrga8_78_88.wav	8.645999999999999	9.999	Speech
uTTeGZtf8gw_0_10.wav	0.363	1.617	Dog
uTTeGZtf8gw_0_10.wav	2.046	2.442	Dog
uTTeGZtf8gw_0_10.wav	2.904	4.026	Dog
uTTeGZtf8gw_0_10.wav	4.191	5.709	Dog
uTTeGZtf8gw_0_10.wav	5.94	7.689	Dog
uTTeGZtf8gw_0_10.wav	7.821000000000001	8.546999999999999	Dog
WuTzULvSYPo_216_226.wav	3.168	9.999	Blender
WuTzULvSYPo_216_226.wav	0.0	1.617	Speech
WuTzULvSYPo_216_226.wav	1.9140000000000001	2.673	Speech
tIbMQmPBBlU_29_39.wav	1.716	3.135	Dog
tIbMQmPBBlU_29_39.wav	5.148	6.6	Dog
tIbMQmPBBlU_29_39.wav	8.613	9.999	Dog
8Ei3UHIortI_175_185.wav	5.808	9.999	Vacuum_cleaner
n0WZG1v9wV0_336_346.wav	1.947	6.765	Dog
n0WZG1v9wV0_336_346.wav	6.93	7.821000000000001	Dog
n0WZG1v9wV0_336_346.wav	0.0	0.594	Speech
n0WZG1v9wV0_336_346.wav	0.8909999999999999	2.343	Speech
n0WZG1v9wV0_336_346.wav	7.9529999999999985	9.999	Speech
FtbxAqRo0eY_83_93.wav	0.726	1.65	Cat
FtbxAqRo0eY_83_93.wav	2.145	3.498	Cat
FtbxAqRo0eY_83_93.wav	3.9930000000000003	4.851	Cat
FtbxAqRo0eY_83_93.wav	5.874	6.962999999999999	Cat
FtbxAqRo0eY_83_93.wav	7.359	8.481	Cat
tWSiJKKZhNc_1070_1080.wav	0.0	0.462	Dishes
tWSiJKKZhNc_1070_1080.wav	0.6599999999999999	0.99	Dishes
tWSiJKKZhNc_1070_1080.wav	3.234	3.861	Dishes
tWSiJKKZhNc_1070_1080.wav	4.521	7.029	Speech
tWSiJKKZhNc_1070_1080.wav	8.613	9.999	Speech
_goqHkoPoro_0_10.wav	0.363	1.254	Alarm_bell_ringing
_goqHkoPoro_0_10.wav	4.3889999999999985	4.752	Alarm_bell_ringing
_goqHkoPoro_0_10.wav	5.016	5.4449999999999985	Alarm_bell_ringing
_goqHkoPoro_0_10.wav	8.349	9.9	Alarm_bell_ringing
1PG36qCNq-8_820_830.wav	0.0	9.999	Blender
9xcpJJiNtX4_1470_1480.wav	0.0	9.999	Vacuum_cleaner
w7bAtjOmjcA_172_182.wav	5.412000000000001	9.999	Electric_shaver_toothbrush
w7bAtjOmjcA_172_182.wav	0.8909999999999999	3.795	Speech
w7bAtjOmjcA_172_182.wav	4.6530000000000005	6.3359999999999985	Speech
Q1SONPdUnww_0_10.wav	0.0	9.999	Vacuum_cleaner
8ORBpGTScPQ_0_10.wav	0.462	1.815	Dog
8ORBpGTScPQ_0_10.wav	2.64	4.356	Dog
8ORBpGTScPQ_0_10.wav	6.369	8.184	Dog
CN0gaknlKNE_443_453.wav	0.0	9.999	Frying
9DYcovm9i0M_741_751.wav	1.188	9.999	Frying
9DYcovm9i0M_741_751.wav	0.0	1.155	Speech
9DYcovm9i0M_741_751.wav	5.2799999999999985	6.1709999999999985	Speech
9DYcovm9i0M_741_751.wav	7.656000000000001	8.844	Speech
Z6UoQm2Lc-w_122_132.wav	2.145	9.867	Alarm_bell_ringing
yTTiQEZzNBc_0_5.wav	0.9570000000000001	3.564	Alarm_bell_ringing
nwpjCP-I6_A_17_27.wav	0.0	9.999	Electric_shaver_toothbrush
p33b4XR8cO8_0_10.wav	1.551	9.999	Vacuum_cleaner
BxvVczsBH2U_0_10.wav	0.363	1.716	Cat
BxvVczsBH2U_0_10.wav	3.531	4.224	Cat
BxvVczsBH2U_0_10.wav	4.917	6.435	Cat
BxvVczsBH2U_0_10.wav	6.962999999999999	9.339	Cat
2w96QJ7UvhQ_133_143.wav	0.0	7.8870000000000005	Blender
2w96QJ7UvhQ_133_143.wav	9.735	9.999	Speech
MILjiC6Md54_140_150.wav	0.0	9.999	Frying
MILjiC6Md54_140_150.wav	0.0	0.429	Speech
MILjiC6Md54_140_150.wav	0.726	1.584	Speech
MILjiC6Md54_140_150.wav	5.049	8.777999999999999	Speech
dmvo5XxvvAk_180_190.wav	6.072	8.382	Alarm_bell_ringing
dmvo5XxvvAk_180_190.wav	0.0	2.145	Speech
dmvo5XxvvAk_180_190.wav	2.937	5.4449999999999985	Speech
dmvo5XxvvAk_180_190.wav	8.216999999999999	9.999	Speech
S8jo1eJRSvA_104_114.wav	9.174	9.999	Speech
CEdJH2tBDfo_25_35.wav	2.607	6.401999999999999	Electric_shaver_toothbrush
CEdJH2tBDfo_25_35.wav	3.63	3.894	Speech
CEdJH2tBDfo_25_35.wav	7.986000000000001	9.999	Speech
ptQZNRlEYJY_260_270.wav	2.013	8.118	Electric_shaver_toothbrush
ptQZNRlEYJY_260_270.wav	0.594	1.9140000000000001	Speech
ptQZNRlEYJY_260_270.wav	2.97	3.498	Speech
ptQZNRlEYJY_260_270.wav	4.3889999999999985	5.6099999999999985	Speech
ptQZNRlEYJY_260_270.wav	6.632999999999999	7.656000000000001	Speech
vjEic9uZJts_47_57.wav	0.9570000000000001	8.448	Electric_shaver_toothbrush
vjEic9uZJts_47_57.wav	0.0	3.102	Speech
vjEic9uZJts_47_57.wav	3.498	7.0619999999999985	Speech
vjEic9uZJts_47_57.wav	8.315999999999999	9.999	Speech
ixFiH87Xtow_433_443.wav	5.082	5.412000000000001	Dishes
ixFiH87Xtow_433_443.wav	6.468	6.831	Dishes
ixFiH87Xtow_433_443.wav	9.075	9.273	Dishes
HJJO1JL6kxA_0_10.wav	2.31	2.7060000000000004	Dog
HJJO1JL6kxA_0_10.wav	5.874	6.237	Dog
HJJO1JL6kxA_0_10.wav	7.3260000000000005	7.721999999999999	Dog
HJJO1JL6kxA_0_10.wav	7.853999999999999	8.184	Dog
uAX5C9HzVyQ_46_56.wav	3.267	3.762	Alarm_bell_ringing
uAX5C9HzVyQ_46_56.wav	4.125	4.6530000000000005	Alarm_bell_ringing
uAX5C9HzVyQ_46_56.wav	4.9830000000000005	7.359	Alarm_bell_ringing
uAX5C9HzVyQ_46_56.wav	0.825	1.815	Speech
uAX5C9HzVyQ_46_56.wav	7.853999999999999	8.315999999999999	Speech
PddX9valVHE_15_25.wav	1.749	9.999	Alarm_bell_ringing
gTMOPHZhCXk_118_128.wav	0.0	0.33	Speech
gTMOPHZhCXk_118_128.wav	0.9570000000000001	1.3199999999999998	Speech
CSQ6df2KWqE_417_427.wav	0.759	1.617	Speech
YBHP3Ivw29Q_0_10.wav	0.0	9.999	Frying
1gb4ATePtAM_100_110.wav	8.943	9.834	Dishes
1gb4ATePtAM_100_110.wav	0.0	9.999	Frying
1gb4ATePtAM_100_110.wav	0.0	2.904	Speech
1gb4ATePtAM_100_110.wav	3.333	5.181	Speech
1gb4ATePtAM_100_110.wav	7.029	8.216999999999999	Speech
S4ydJVobM7M_37_47.wav	1.089	2.046	Speech
S4ydJVobM7M_37_47.wav	2.508	5.313	Speech
S4ydJVobM7M_37_47.wav	6.501	9.999	Speech
AYcRe4sIABM_328_338.wav	0.0	9.999	Electric_shaver_toothbrush
Ns7LAwk7YWs_790_800.wav	2.475	3.234	Speech
Ns7LAwk7YWs_790_800.wav	3.861	4.3889999999999985	Speech
Ns7LAwk7YWs_790_800.wav	4.884	5.313	Speech
Ns7LAwk7YWs_790_800.wav	5.643	8.019	Speech
Ns7LAwk7YWs_790_800.wav	8.448	9.999	Speech
Hf4kYKulvWU_0_10.wav	2.211	3.366	Alarm_bell_ringing
Hf4kYKulvWU_0_10.wav	4.092	5.544	Alarm_bell_ringing
Hf4kYKulvWU_0_10.wav	7.821000000000001	9.273	Alarm_bell_ringing
Hf4kYKulvWU_0_10.wav	4.125	5.6099999999999985	Cat
Hf4kYKulvWU_0_10.wav	7.821000000000001	9.306000000000001	Cat
d1RLvzECuR0_6_16.wav	1.155	9.999	Vacuum_cleaner
GzCLnzHFefY_0_10.wav	0.396	6.864	Speech
GzCLnzHFefY_0_10.wav	8.546999999999999	9.273	Speech
66ATwgFqM-U_0_10.wav	1.3530000000000002	4.323	Alarm_bell_ringing
66ATwgFqM-U_0_10.wav	4.5539999999999985	5.907	Alarm_bell_ringing
66ATwgFqM-U_0_10.wav	7.689	9.009	Alarm_bell_ringing
4B6Ch03-wjQ_415_425.wav	3.498	9.999	Blender
4B6Ch03-wjQ_415_425.wav	0.0	1.584	Speech
4B6Ch03-wjQ_415_425.wav	1.9140000000000001	2.739	Speech
aUf48Qu6TaE_1_11.wav	0.6599999999999999	1.9140000000000001	Cat
aUf48Qu6TaE_1_11.wav	3.762	4.752	Cat
aUf48Qu6TaE_1_11.wav	6.138	7.1610000000000005	Cat
aUf48Qu6TaE_1_11.wav	8.448	9.339	Cat
aUf48Qu6TaE_1_11.wav	0.0	0.396	Speech
aUf48Qu6TaE_1_11.wav	1.65	2.904	Speech
ljRFJz8idEY_325_335.wav	0.0	0.132	Speech
ljRFJz8idEY_325_335.wav	0.462	2.937	Speech
ljRFJz8idEY_325_335.wav	3.498	9.999	Speech
Ro2eFC33MnY_22_32.wav	4.6530000000000005	5.148	Cat
Ro2eFC33MnY_22_32.wav	0.0	0.429	Speech
Ro2eFC33MnY_22_32.wav	5.478	5.907	Speech
Ro2eFC33MnY_22_32.wav	9.141	9.999	Speech
SFiS2PQxfKg_0_10.wav	0.726	1.287	Dog
SFiS2PQxfKg_0_10.wav	1.6829999999999998	2.112	Dog
SFiS2PQxfKg_0_10.wav	2.475	2.838	Dog
SFiS2PQxfKg_0_10.wav	3.432	3.8280000000000003	Dog
SFiS2PQxfKg_0_10.wav	5.247000000000001	5.709	Dog
SFiS2PQxfKg_0_10.wav	6.0059999999999985	6.401999999999999	Dog
SFiS2PQxfKg_0_10.wav	9.636000000000001	9.867	Dog
5OjbMgvwJCg_0_10.wav	0.429	1.485	Dog
5OjbMgvwJCg_0_10.wav	1.65	3.597	Dog
5OjbMgvwJCg_0_10.wav	3.795	8.151	Dog
5OjbMgvwJCg_0_10.wav	9.405	9.867	Dog
PFPzBVXoawI_1607_1617.wav	3.432	3.927	Dishes
PFPzBVXoawI_1607_1617.wav	3.96	6.27	Speech
PFPzBVXoawI_1607_1617.wav	6.797999999999999	8.052	Speech
PFPzBVXoawI_1607_1617.wav	8.811	9.57	Speech
13OkKMqxWjU_60_70.wav	0.0	3.102	Speech
13OkKMqxWjU_60_70.wav	3.564	8.415	Speech
13OkKMqxWjU_60_70.wav	8.91	9.999	Speech
jsP5oinHnMs_81_91.wav	0.264	2.838	Speech
jsP5oinHnMs_81_91.wav	6.765	9.141	Speech
jsP5oinHnMs_81_91.wav	9.603	9.999	Speech
bArpayhy7Mw_0_10.wav	0.0	9.999	Vacuum_cleaner
OamG3HMmwEs_175_185.wav	2.64	3.366	Speech
X7b5DITgHCQ_174_184.wav	0.0	9.999	Frying
X7b5DITgHCQ_174_184.wav	0.726	2.475	Speech
X7b5DITgHCQ_174_184.wav	3.003	5.478	Speech
X7b5DITgHCQ_174_184.wav	6.039	9.867	Speech
Wo8DdXBsRkY_460_470.wav	7.425	7.821000000000001	Dishes
Wo8DdXBsRkY_460_470.wav	0.0	3.6630000000000003	Speech
Wo8DdXBsRkY_460_470.wav	3.96	9.999	Speech
NZpOGhRgT5M_109_119.wav	7.26	7.59	Dishes
NZpOGhRgT5M_109_119.wav	7.9529999999999985	8.151	Dishes
NZpOGhRgT5M_109_119.wav	0.0	9.999	Frying
YYqaGwN2epw_22_32.wav	2.145	2.937	Dog
YYqaGwN2epw_22_32.wav	3.234	4.257	Dog
YYqaGwN2epw_22_32.wav	8.019	9.306000000000001	Dog
YYqaGwN2epw_22_32.wav	9.834	9.999	Dog
YYqaGwN2epw_22_32.wav	0.0	0.363	Speech
KYslcyTKq4Q_33_43.wav	0.363	0.825	Alarm_bell_ringing
KYslcyTKq4Q_33_43.wav	3.366	3.6630000000000003	Alarm_bell_ringing
pHxRz9hGypc_288_298.wav	1.254	7.2269999999999985	Electric_shaver_toothbrush
pHxRz9hGypc_288_298.wav	0.5609999999999999	1.386	Speech
pHxRz9hGypc_288_298.wav	3.894	4.884	Speech
pHxRz9hGypc_288_298.wav	7.721999999999999	8.448	Speech
p3YlPiqoDYs_0_10.wav	0.858	9.999	Dog
mCQp3NzQ_TM_95_105.wav	0.0	9.999	Frying
mCQp3NzQ_TM_95_105.wav	0.264	2.574	Speech
VkWwVGOS1X4_0_10.wav	1.518	4.5539999999999985	Dog
VkWwVGOS1X4_0_10.wav	8.052	9.636000000000001	Dog
jGyZ1IcmZn8_19_29.wav	2.8710000000000004	3.564	Dishes
jGyZ1IcmZn8_19_29.wav	5.808	8.975999999999997	Dishes
jGyZ1IcmZn8_19_29.wav	0.0	9.999	Frying
jGyZ1IcmZn8_19_29.wav	0.528	2.607	Speech
jGyZ1IcmZn8_19_29.wav	3.762	5.874	Speech
wz4HbL0JXl4_25_35.wav	0.297	0.528	Dishes
wz4HbL0JXl4_25_35.wav	0.0	9.999	Frying
yTBKtPhoDzc_235_245.wav	0.363	0.858	Dog
yTBKtPhoDzc_235_245.wav	2.64	3.168	Dog
yTBKtPhoDzc_235_245.wav	4.059	5.313	Dog
yTBKtPhoDzc_235_245.wav	9.801	9.999	Speech
Vh7YjTK2DMc_10_20.wav	0.0	9.999	Vacuum_cleaner
b3fGGBCgGTM_0_10.wav	0.0	0.231	Dishes
b3fGGBCgGTM_0_10.wav	0.396	1.089	Dishes
b3fGGBCgGTM_0_10.wav	2.013	2.4090000000000003	Dishes
b3fGGBCgGTM_0_10.wav	2.574	4.3889999999999985	Dishes
b3fGGBCgGTM_0_10.wav	5.379	5.6099999999999985	Dishes
b3fGGBCgGTM_0_10.wav	7.127999999999999	8.448	Dishes
MsU_XyZisio_0_10.wav	3.9930000000000003	4.851	Speech
MsU_XyZisio_0_10.wav	5.4449999999999985	9.999	Speech
96sv_nKIBgY_144_154.wav	3.3	7.3260000000000005	Electric_shaver_toothbrush
96sv_nKIBgY_144_154.wav	1.254	3.63	Speech
96sv_nKIBgY_144_154.wav	4.092	4.785	Speech
96sv_nKIBgY_144_154.wav	5.346	6.632999999999999	Speech
96sv_nKIBgY_144_154.wav	7.622999999999998	9.999	Speech
TqMRd9pxWao_169_179.wav	1.155	9.999	Blender
TqMRd9pxWao_169_179.wav	0.0	0.7919999999999999	Speech
4Fhqokd_lpE_0_10.wav	1.518	2.343	Cat
4Fhqokd_lpE_0_10.wav	4.026	4.8180000000000005	Cat
4Fhqokd_lpE_0_10.wav	5.4449999999999985	6.27	Cat
4Fhqokd_lpE_0_10.wav	6.731999999999998	7.524	Cat
4Fhqokd_lpE_0_10.wav	8.216999999999999	9.24	Cat
nNgmn3MRSwg_64_74.wav	5.643	5.840999999999998	Dishes
nNgmn3MRSwg_64_74.wav	7.1610000000000005	7.9529999999999985	Dishes
nNgmn3MRSwg_64_74.wav	9.273	9.9	Dishes
nNgmn3MRSwg_64_74.wav	1.122	4.323	Speech
nNgmn3MRSwg_64_74.wav	4.851	5.412000000000001	Speech
nNgmn3MRSwg_64_74.wav	5.874	7.359	Speech
nNgmn3MRSwg_64_74.wav	8.019	9.174	Speech
xfgqwgU_uVA_323_333.wav	3.894	4.026	Dishes
xfgqwgU_uVA_323_333.wav	7.0619999999999985	7.26	Dishes
xfgqwgU_uVA_323_333.wav	0.0	1.155	Speech
xfgqwgU_uVA_323_333.wav	1.848	3.498	Speech
xfgqwgU_uVA_323_333.wav	9.009	9.999	Speech
cHe4xgwz2hA_13_23.wav	1.848	9.999	Electric_shaver_toothbrush
cHe4xgwz2hA_13_23.wav	8.084999999999999	8.645999999999999	Speech
w_cy-aa4JGo_182_192.wav	0.0	9.999	Electric_shaver_toothbrush
qMJkDB06pjo_157_167.wav	7.029	9.999	Electric_shaver_toothbrush
qMJkDB06pjo_157_167.wav	0.0	0.693	Speech
qMJkDB06pjo_157_167.wav	1.056	6.797999999999999	Speech
qMJkDB06pjo_157_167.wav	9.603	9.999	Speech
r25_3q5bPaY_82_92.wav	2.244	3.036	Dog
DxwTRNxB62g_0_4.wav	2.442	3.9930000000000003	Alarm_bell_ringing
DxwTRNxB62g_0_4.wav	0.462	2.013	Speech
CRPMU1WG36Q_0_10.wav	1.881	9.999	Vacuum_cleaner
b2BPdW3prtc_0_10.wav	1.023	3.102	Dog
b2BPdW3prtc_0_10.wav	3.3	4.3889999999999985	Dog
b2BPdW3prtc_0_10.wav	4.521	7.0619999999999985	Dog
b2BPdW3prtc_0_10.wav	7.359	9.009	Dog
b2BPdW3prtc_0_10.wav	9.24	9.999	Dog
Vff26iSqK9I_13_23.wav	1.3199999999999998	3.102	Blender
mR1Bz7Vp_Zg_225_235.wav	0.0	2.8710000000000004	Speech
mR1Bz7Vp_Zg_225_235.wav	3.168	5.247000000000001	Speech
mR1Bz7Vp_Zg_225_235.wav	5.676	9.867	Speech
vjgYDEfizAo_3_13.wav	1.155	9.999	Vacuum_cleaner
FYPf4yMZgIc_75_85.wav	3.96	9.999	Frying
FYPf4yMZgIc_75_85.wav	4.752	9.999	Speech
FYPf4yMZgIc_75_85.wav	0.0	4.026	Vacuum_cleaner
tdmvzbKM9iA_47_57.wav	2.838	3.135	Dishes
tdmvzbKM9iA_47_57.wav	3.597	4.191	Dishes
tdmvzbKM9iA_47_57.wav	4.587	5.478	Dishes
tdmvzbKM9iA_47_57.wav	6.369	7.0619999999999985	Dishes
y20jn1ziJtE_25_35.wav	0.0	1.3530000000000002	Speech
y20jn1ziJtE_25_35.wav	1.617	3.762	Speech
y20jn1ziJtE_25_35.wav	5.676	9.603	Speech
xqDqfr8CtgM_147_157.wav	0.0	9.999	Electric_shaver_toothbrush
amZFmEB9Opg_0_10.wav	0.297	2.442	Dog
amZFmEB9Opg_0_10.wav	2.7060000000000004	5.049	Dog
amZFmEB9Opg_0_10.wav	5.247000000000001	5.544	Dog
amZFmEB9Opg_0_10.wav	5.742000000000001	7.9529999999999985	Dog
amZFmEB9Opg_0_10.wav	8.283	9.999	Dog
bltqad8qBzA_305_315.wav	0.0	9.999	Frying
QnPcEZ6Vpr8_262_272.wav	1.122	9.999	Electric_shaver_toothbrush
QnPcEZ6Vpr8_262_272.wav	0.0	0.198	Speech
Xvc3QcFr9X8_96_106.wav	4.917	5.511	Cat
Xvc3QcFr9X8_96_106.wav	8.645999999999999	9.801	Cat
Xvc3QcFr9X8_96_106.wav	0.0	1.9140000000000001	Speech
Xvc3QcFr9X8_96_106.wav	2.178	4.752	Speech
Xvc3QcFr9X8_96_106.wav	5.511	8.481	Speech
Xvc3QcFr9X8_96_106.wav	9.669	9.999	Speech
1PG36qCNq-8_598_608.wav	0.0	8.382	Blender
1PG36qCNq-8_598_608.wav	8.514	9.999	Speech
ZXhLpkRaXx0_1_11.wav	9.24	9.999	Cat
ZXhLpkRaXx0_1_11.wav	3.564	3.861	Speech
ZXhLpkRaXx0_1_11.wav	6.566999999999998	6.8969999999999985	Speech
qqM6LUEDx3w_89_99.wav	0.363	8.613	Blender
mozHRWzXjWo_223_233.wav	0.0	5.313	Speech
mozHRWzXjWo_223_233.wav	5.6099999999999985	8.58	Speech
6tm4pEI2s9Y_1_11.wav	0.0	9.999	Vacuum_cleaner
DaPDBXyAwtc_315_325.wav	0.0	7.556999999999999	Blender
DaPDBXyAwtc_315_325.wav	7.59	8.679	Speech
czyGmRXJ184_1070_1080.wav	1.551	2.079	Alarm_bell_ringing
czyGmRXJ184_1070_1080.wav	2.442	3.036	Alarm_bell_ringing
czyGmRXJ184_1070_1080.wav	3.333	3.927	Alarm_bell_ringing
czyGmRXJ184_1070_1080.wav	5.313	7.7879999999999985	Alarm_bell_ringing
czyGmRXJ184_1070_1080.wav	9.141	9.702	Alarm_bell_ringing
o3nM5DO4wf8_7_17.wav	0.0	1.155	Speech
G9z_0Zq28_Y_260_270.wav	0.0	9.999	Frying
qykZqWcVgTE_88_98.wav	3.597	6.666	Alarm_bell_ringing
qykZqWcVgTE_88_98.wav	0.231	1.089	Speech
qykZqWcVgTE_88_98.wav	1.518	2.112	Speech
VonB8ACTcR4_77_87.wav	2.673	4.686	Speech
VonB8ACTcR4_77_87.wav	5.544	6.699	Speech
VonB8ACTcR4_77_87.wav	7.92	9.57	Speech
J0Ruo0PDfQo_8_18.wav	0.231	0.924	Cat
J0Ruo0PDfQo_8_18.wav	1.518	2.244	Cat
J0Ruo0PDfQo_8_18.wav	2.541	3.135	Cat
J0Ruo0PDfQo_8_18.wav	4.191	8.283	Cat
K1Ryqf0RWpc_0_10.wav	0.99	9.999	Vacuum_cleaner
ZLdapxSVyV4_106_116.wav	7.755	8.382	Dishes
ZLdapxSVyV4_106_116.wav	2.211	3.333	Speech
ZLdapxSVyV4_106_116.wav	4.851	5.907	Speech
ZLdapxSVyV4_106_116.wav	9.471	9.999	Speech
e_c68m8q0og_102_112.wav	2.607	4.785	Alarm_bell_ringing
e_c68m8q0og_102_112.wav	4.9830000000000005	5.214	Alarm_bell_ringing
e_c68m8q0og_102_112.wav	0.0	0.396	Speech
e_c68m8q0og_102_112.wav	1.3530000000000002	2.178	Speech
e_c68m8q0og_102_112.wav	3.069	3.927	Speech
e_c68m8q0og_102_112.wav	4.686	9.999	Speech
PL-28v8vvjc_62_72.wav	3.069	3.498	Dog
PL-28v8vvjc_62_72.wav	6.237	7.359	Dog
PL-28v8vvjc_62_72.wav	9.207	9.999	Dog
xUike2Aiwzw_72_82.wav	0.693	2.541	Speech
xUike2Aiwzw_72_82.wav	7.194	7.821000000000001	Speech
xUike2Aiwzw_72_82.wav	9.669	9.999	Speech
xUike2Aiwzw_72_82.wav	6.962999999999999	9.999	Vacuum_cleaner
USgrzhEUQ8A_0_7.wav	0.528	6.8969999999999985	Alarm_bell_ringing
owLBsoC9DT0_7_17.wav	2.046	2.805	Speech
owLBsoC9DT0_7_17.wav	5.643	5.973	Speech
u9QePTCbeSs_106_116.wav	2.7060000000000004	6.1709999999999985	Electric_shaver_toothbrush
u9QePTCbeSs_106_116.wav	0.0	0.297	Speech
u9QePTCbeSs_106_116.wav	0.5609999999999999	1.452	Speech
u9QePTCbeSs_106_116.wav	1.716	2.64	Speech
u9QePTCbeSs_106_116.wav	6.666	9.57	Speech
O84_jiiacic_180_190.wav	0.16499999999999998	1.056	Dog
O84_jiiacic_180_190.wav	1.65	3.201	Dog
O84_jiiacic_180_190.wav	3.564	3.861	Dog
O84_jiiacic_180_190.wav	4.95	5.775	Dog
O84_jiiacic_180_190.wav	6.731999999999998	9.999	Dog
ontcp1fTR0w_0_10.wav	0.264	9.999	Dog
Xw5WmltvSrA_0_10.wav	0.0	9.999	Vacuum_cleaner
JtqfDmP86o8_505_515.wav	1.254	3.366	Blender
JtqfDmP86o8_505_515.wav	5.082	6.468	Blender
JtqfDmP86o8_505_515.wav	8.514	9.372	Blender
JtqfDmP86o8_505_515.wav	0.0	0.594	Speech
JtqfDmP86o8_505_515.wav	3.762	5.379	Speech
JtqfDmP86o8_505_515.wav	7.721999999999999	8.283	Speech
JtqfDmP86o8_505_515.wav	9.537	9.999	Speech
zIwj4kyPpzA_18_28.wav	0.0	0.825	Dog
zIwj4kyPpzA_18_28.wav	3.63	4.8180000000000005	Dog
zIwj4kyPpzA_18_28.wav	6.1709999999999985	7.391999999999999	Dog
DnlqHy-b_w0_20_30.wav	1.089	1.584	Alarm_bell_ringing
DnlqHy-b_w0_20_30.wav	3.102	3.531	Alarm_bell_ringing
DnlqHy-b_w0_20_30.wav	5.114999999999998	5.6099999999999985	Alarm_bell_ringing
DnlqHy-b_w0_20_30.wav	6.138	6.534	Alarm_bell_ringing
DnlqHy-b_w0_20_30.wav	7.095	7.524	Alarm_bell_ringing
DnlqHy-b_w0_20_30.wav	9.042	9.57	Alarm_bell_ringing
DnlqHy-b_w0_20_30.wav	1.122	2.805	Speech
vjhnVB5GnUw_104_114.wav	1.386	5.4449999999999985	Dog
vjhnVB5GnUw_104_114.wav	6.666	7.622999999999998	Dog
vjhnVB5GnUw_104_114.wav	8.216999999999999	9.306000000000001	Dog
vjhnVB5GnUw_104_114.wav	9.504	9.999	Dog
O2sD-eQuPo0_5_15.wav	0.0	0.825	Dog
O2sD-eQuPo0_5_15.wav	1.452	3.333	Dog
O2sD-eQuPo0_5_15.wav	5.676	5.907	Dog
O2sD-eQuPo0_5_15.wav	6.1709999999999985	6.501	Dog
O2sD-eQuPo0_5_15.wav	6.666	8.546999999999999	Dog
O2sD-eQuPo0_5_15.wav	8.777999999999999	9.174	Dog
5dPr-ueDFRE_10_20.wav	1.122	9.999	Electric_shaver_toothbrush
uZNFZEVVFcQ_120_130.wav	5.478	7.853999999999999	Blender
uZNFZEVVFcQ_120_130.wav	0.0	1.287	Speech
uZNFZEVVFcQ_120_130.wav	1.65	3.9930000000000003	Speech
uZNFZEVVFcQ_120_130.wav	4.3889999999999985	5.2799999999999985	Speech
uZNFZEVVFcQ_120_130.wav	8.876999999999997	9.999	Speech
AvljQ2XyOOE_0_9.wav	4.29	6.632999999999999	Alarm_bell_ringing
fMQLCvgSCBk_18_28.wav	0.0	3.531	Speech
fMQLCvgSCBk_18_28.wav	3.927	5.016	Speech
fMQLCvgSCBk_18_28.wav	5.511	9.009	Speech
fMQLCvgSCBk_18_28.wav	9.471	9.999	Speech
0JPrU0UV6cQ_185_195.wav	3.927	4.7189999999999985	Dishes
0JPrU0UV6cQ_185_195.wav	0.0	3.696	Speech
0JPrU0UV6cQ_185_195.wav	4.8180000000000005	6.666	Speech
0JPrU0UV6cQ_185_195.wav	7.7879999999999985	9.999	Speech
2TkylvkNpPw_4_14.wav	0.0	0.6599999999999999	Speech
2TkylvkNpPw_4_14.wav	1.155	5.643	Speech
2TkylvkNpPw_4_14.wav	5.973	9.174	Speech
Pxlh9XrZsok_0_10.wav	0.16499999999999998	0.627	Alarm_bell_ringing
Pxlh9XrZsok_0_10.wav	9.768	9.999	Alarm_bell_ringing
Pxlh9XrZsok_0_10.wav	0.9570000000000001	3.168	Dog
Pxlh9XrZsok_0_10.wav	3.3989999999999996	3.9930000000000003	Dog
Pxlh9XrZsok_0_10.wav	6.534	6.731999999999998	Dog
Pxlh9XrZsok_0_10.wav	6.93	7.4910000000000005	Dog
Pxlh9XrZsok_0_10.wav	7.656000000000001	8.349	Dog
Pxlh9XrZsok_0_10.wav	8.546999999999999	9.537	Dog
r2-AbDBVENw_64_74.wav	5.874	6.072	Dishes
r2-AbDBVENw_64_74.wav	6.204	6.93	Dishes
r2-AbDBVENw_64_74.wav	0.0	1.287	Speech
r2-AbDBVENw_64_74.wav	2.178	5.478	Speech
r2-AbDBVENw_64_74.wav	7.127999999999999	9.603	Speech
vtfwmLelXDM_26_36.wav	0.627	1.65	Cat
vtfwmLelXDM_26_36.wav	1.9140000000000001	2.211	Cat
vtfwmLelXDM_26_36.wav	3.168	4.191	Cat
vtfwmLelXDM_26_36.wav	5.874	6.666	Cat
vtfwmLelXDM_26_36.wav	8.184	9.009	Cat
vtfwmLelXDM_26_36.wav	1.815	2.343	Speech
vtfwmLelXDM_26_36.wav	4.785	5.082	Speech
vtfwmLelXDM_26_36.wav	7.26	7.7879999999999985	Speech
ccAEoJfRLcc_0_10.wav	0.0	9.999	Vacuum_cleaner
P_uDeuNLFQ4_330_340.wav	0.0	9.999	Frying
P_uDeuNLFQ4_330_340.wav	2.805	4.521	Speech
P_uDeuNLFQ4_330_340.wav	7.1610000000000005	9.174	Speech
9FuBQiBH2mg_0_10.wav	0.0	0.693	Cat
9FuBQiBH2mg_0_10.wav	2.4090000000000003	3.564	Cat
9FuBQiBH2mg_0_10.wav	6.27	8.745	Cat
KmT94pv4v4A_36_46.wav	0.0	3.168	Speech
KmT94pv4v4A_36_46.wav	9.273	9.999	Speech
9VrPJEGvXXQ_510_520.wav	6.831	9.603	Blender
9VrPJEGvXXQ_510_520.wav	0.0	1.3530000000000002	Speech
9VrPJEGvXXQ_510_520.wav	1.815	4.191	Speech
AaeemnJDijQ_250_260.wav	1.617	9.999	Electric_shaver_toothbrush
AaeemnJDijQ_250_260.wav	4.3889999999999985	7.359	Speech
AaeemnJDijQ_250_260.wav	9.768	9.999	Speech
YFG7d4y7EqU_535_545.wav	0.8909999999999999	1.518	Cat
YFG7d4y7EqU_535_545.wav	5.313	5.775	Cat
YFG7d4y7EqU_535_545.wav	7.095	7.556999999999999	Cat
YFG7d4y7EqU_535_545.wav	2.244	3.366	Speech
YFG7d4y7EqU_535_545.wav	3.96	4.356	Speech
5zF2tJIkqdU_30_40.wav	0.0	9.999	Vacuum_cleaner
rNhv6U3mT4Y_9_19.wav	0.495	1.155	Dishes
rNhv6U3mT4Y_9_19.wav	2.244	3.135	Dishes
rNhv6U3mT4Y_9_19.wav	3.795	5.412000000000001	Dishes
rNhv6U3mT4Y_9_19.wav	5.577000000000001	5.840999999999998	Dishes
rNhv6U3mT4Y_9_19.wav	7.095	7.8870000000000005	Dishes
rNhv6U3mT4Y_9_19.wav	8.777999999999999	9.042	Dishes
rNhv6U3mT4Y_9_19.wav	5.742000000000001	9.999	Frying
0qo-ZXw2k-4_21_31.wav	1.716	5.742000000000001	Speech
0qo-ZXw2k-4_21_31.wav	6.731999999999998	9.042	Speech
0qo-ZXw2k-4_21_31.wav	9.834	9.999	Speech
fQGv7ZJEd3g_117_127.wav	4.323	8.844	Frying
fQGv7ZJEd3g_117_127.wav	0.132	4.191	Speech
fQGv7ZJEd3g_117_127.wav	4.752	7.359	Speech
fQGv7ZJEd3g_117_127.wav	7.689	9.999	Speech
BdsaucMG7hg_240_250.wav	0.0	1.485	Speech
BdsaucMG7hg_240_250.wav	7.3260000000000005	8.084999999999999	Speech
X31xHZGmUu4_230_240.wav	0.0	7.656000000000001	Electric_shaver_toothbrush
X31xHZGmUu4_230_240.wav	7.7879999999999985	9.999	Speech
FX1emZuec5w_7_17.wav	0.627	2.8710000000000004	Cat
FX1emZuec5w_7_17.wav	3.96	5.973	Cat
FX1emZuec5w_7_17.wav	7.3260000000000005	9.207	Cat
re5D4EZCpDU_156_166.wav	0.0	0.495	Speech
re5D4EZCpDU_156_166.wav	1.3199999999999998	4.3889999999999985	Speech
re5D4EZCpDU_156_166.wav	5.742000000000001	9.999	Speech
Cs9bkMQ4yuc_5_10.wav	1.9140000000000001	5.049	Vacuum_cleaner
I0FoWHYWHdQ_187_197.wav	4.026	4.521	Dishes
I0FoWHYWHdQ_187_197.wav	4.9830000000000005	6.666	Speech
iff3u8br744_6_16.wav	5.049	5.94	Cat
iff3u8br744_6_16.wav	6.27	7.524	Cat
iff3u8br744_6_16.wav	8.118	8.745	Cat
iff3u8br744_6_16.wav	0.0	0.7919999999999999	Speech
iff3u8br744_6_16.wav	1.848	3.333	Speech
iff3u8br744_6_16.wav	4.257	4.785	Speech
iff3u8br744_6_16.wav	9.009	9.405	Speech
AaWeLSe3rd0_636_646.wav	3.3989999999999996	9.999	Blender
AaWeLSe3rd0_636_646.wav	0.0	0.825	Speech
qwsvajRqeTk_238_248.wav	8.118	9.999	Alarm_bell_ringing
qwsvajRqeTk_238_248.wav	1.617	2.574	Speech
qwsvajRqeTk_238_248.wav	3.201	4.191	Speech
qwsvajRqeTk_238_248.wav	5.346	6.996	Speech
aBA1eEsIktM_19_29.wav	0.0	6.369	Running_water
kXH3gubXqmI_463_473.wav	0.627	1.716	Speech
ToMpoUakDfw_252_262.wav	0.7919999999999999	2.145	Speech
ToMpoUakDfw_252_262.wav	3.729	5.907	Speech
ToMpoUakDfw_252_262.wav	6.369	8.712	Speech
ToMpoUakDfw_252_262.wav	9.075	9.999	Speech
50PqzTQomOM_137_147.wav	1.881	2.145	Alarm_bell_ringing
50PqzTQomOM_137_147.wav	2.475	3.498	Alarm_bell_ringing
50PqzTQomOM_137_147.wav	4.455	4.752	Alarm_bell_ringing
50PqzTQomOM_137_147.wav	5.544	5.907	Alarm_bell_ringing
50PqzTQomOM_137_147.wav	0.924	2.574	Speech
50PqzTQomOM_137_147.wav	4.092	5.577000000000001	Speech
50PqzTQomOM_137_147.wav	6.039	6.566999999999998	Speech
50PqzTQomOM_137_147.wav	7.4910000000000005	9.075	Speech
KDzI6pGdsY4_278_288.wav	0.594	1.7819999999999998	Speech
KDzI6pGdsY4_278_288.wav	2.211	9.999	Vacuum_cleaner
7YB8tx4ug1E_0_10.wav	0.16499999999999998	2.013	Dog
7YB8tx4ug1E_0_10.wav	3.135	4.092	Dog
7YB8tx4ug1E_0_10.wav	7.9529999999999985	9.108	Dog
7YB8tx4ug1E_0_10.wav	9.24	9.603	Dog
jyoIUD1DEYE_322_332.wav	0.0	5.4449999999999985	Speech
AW9ZKFZKhDE_49_59.wav	0.297	2.607	Speech
AW9ZKFZKhDE_49_59.wav	4.026	4.29	Speech
AW9ZKFZKhDE_49_59.wav	5.346	7.59	Speech
AW9ZKFZKhDE_49_59.wav	6.93	9.999	Vacuum_cleaner
YjrxhSgthbg_77_87.wav	1.881	3.135	Dishes
YjrxhSgthbg_77_87.wav	3.6630000000000003	5.676	Dishes
31etSiozBZ4_56_66.wav	0.6599999999999999	1.452	Alarm_bell_ringing
31etSiozBZ4_56_66.wav	1.815	2.7060000000000004	Alarm_bell_ringing
31etSiozBZ4_56_66.wav	4.851	4.9830000000000005	Alarm_bell_ringing
31etSiozBZ4_56_66.wav	5.181	5.412000000000001	Alarm_bell_ringing
31etSiozBZ4_56_66.wav	6.468	6.765	Alarm_bell_ringing
31etSiozBZ4_56_66.wav	6.996	7.194	Alarm_bell_ringing
3biuAIzVauw_375_385.wav	0.0	0.924	Dog
3biuAIzVauw_375_385.wav	1.881	3.465	Dog
3biuAIzVauw_375_385.wav	4.3889999999999985	5.181	Dog
3biuAIzVauw_375_385.wav	8.084999999999999	8.712	Dog
3biuAIzVauw_375_385.wav	9.207	9.438	Dog
yc5N7ECY3b8_18_28.wav	0.0	9.999	Running_water
2YG4-o_mX1g_0_7.wav	0.0	1.089	Dog
2YG4-o_mX1g_0_7.wav	1.98	6.797999999999999	Dog
qiRyt8PvTZs_2_12.wav	0.693	9.999	Alarm_bell_ringing
lzTdrHywGQc_61_71.wav	1.485	5.412000000000001	Vacuum_cleaner
lzTdrHywGQc_61_71.wav	7.524	9.999	Vacuum_cleaner
SiocPDRzGBw_14_24.wav	0.363	2.904	Alarm_bell_ringing
SiocPDRzGBw_14_24.wav	3.135	4.587	Alarm_bell_ringing
SiocPDRzGBw_14_24.wav	4.752	6.237	Alarm_bell_ringing
SiocPDRzGBw_14_24.wav	6.401999999999999	9.471	Alarm_bell_ringing
jRIQ2hbckVw_128_138.wav	3.3	4.356	Speech
jRIQ2hbckVw_128_138.wav	7.755	9.108	Speech
R85OVJX6fAo_9_19.wav	0.0	9.999	Vacuum_cleaner
0eJ5Fwo2hrM_118_128.wav	8.91	9.306000000000001	Dishes
0eJ5Fwo2hrM_118_128.wav	1.452	8.844	Frying
0eJ5Fwo2hrM_118_128.wav	3.366	5.808	Speech
0eJ5Fwo2hrM_118_128.wav	9.339	9.999	Speech
G5wlhYFdlxw_508_518.wav	4.587	6.468	Speech
E0GT7asBVsM_295_305.wav	0.0	9.999	Frying
E0GT7asBVsM_295_305.wav	0.0	0.363	Speech
E0GT7asBVsM_295_305.wav	2.673	6.566999999999998	Speech
E0GT7asBVsM_295_305.wav	7.029	9.999	Speech
LTQkBZeV07w_459_469.wav	9.57	9.735	Dishes
LTQkBZeV07w_459_469.wav	0.5609999999999999	1.716	Speech
pM4YR0BpkbU_94_104.wav	4.092	5.313	Dishes
pM4YR0BpkbU_94_104.wav	5.775	5.907	Dishes
pM4YR0BpkbU_94_104.wav	6.138	6.765	Dishes
pM4YR0BpkbU_94_104.wav	0.0	1.65	Speech
pM4YR0BpkbU_94_104.wav	2.277	4.026	Speech
pM4YR0BpkbU_94_104.wav	6.731999999999998	9.999	Speech
g545Eng40hc_705_715.wav	0.0	9.174	Frying
g545Eng40hc_705_715.wav	0.0	0.495	Speech
g545Eng40hc_705_715.wav	0.7919999999999999	1.584	Speech
g545Eng40hc_705_715.wav	2.739	3.96	Speech
g545Eng40hc_705_715.wav	4.752	6.468	Speech
g545Eng40hc_705_715.wav	8.118	9.999	Speech
bM6UNykqP3Q_127_137.wav	5.742000000000001	5.94	Dog
bM6UNykqP3Q_127_137.wav	6.435	8.349	Dog
bM6UNykqP3Q_127_137.wav	0.495	1.65	Speech
bM6UNykqP3Q_127_137.wav	9.141	9.999	Speech
64AM1PAwetg_0_10.wav	0.0	9.999	Running_water
yyB3bhKiffM_195_205.wav	0.0	7.556999999999999	Frying
yyB3bhKiffM_195_205.wav	0.0	1.98	Speech
yyB3bhKiffM_195_205.wav	3.333	5.346	Speech
yyB3bhKiffM_195_205.wav	7.292999999999998	9.999	Speech
pUt70ybOg10_0_10.wav	0.0	1.518	Dog
pUt70ybOg10_0_10.wav	1.881	3.432	Dog
pUt70ybOg10_0_10.wav	3.564	4.917	Dog
pUt70ybOg10_0_10.wav	5.082	5.94	Dog
pUt70ybOg10_0_10.wav	6.369	6.765	Dog
pUt70ybOg10_0_10.wav	7.0619999999999985	9.867	Dog
YVe9cQaEVLA_90_100.wav	6.0059999999999985	6.204	Dishes
YVe9cQaEVLA_90_100.wav	9.768	9.999	Dishes
sHwD7NxzihQ_0_10.wav	0.363	1.419	Alarm_bell_ringing
sHwD7NxzihQ_0_10.wav	4.092	4.9830000000000005	Alarm_bell_ringing
ftsYcYnaOSc_0_5.wav	1.419	4.752	Frying
k4KTVStLxF0_91_101.wav	2.343	9.999	Running_water
SemAUDqJQYM_143_153.wav	3.432	4.059	Dishes
SemAUDqJQYM_143_153.wav	7.1610000000000005	7.292999999999998	Dishes
SemAUDqJQYM_143_153.wav	0.858	2.772	Speech
Qo_LHgcj0ao_23_33.wav	1.419	5.775	Running_water
Qo_LHgcj0ao_23_33.wav	7.1610000000000005	9.999	Running_water
yLH1KHxw6TQ_50_60.wav	3.003	9.999	Vacuum_cleaner
9Buwu9vuQEY_0_10.wav	2.376	8.382	Electric_shaver_toothbrush
9zkkUJh91pM_50_60.wav	0.759	1.584	Cat
9zkkUJh91pM_50_60.wav	1.848	6.237	Cat
9zkkUJh91pM_50_60.wav	9.339	9.999	Cat
yHptClvQU4U_105_115.wav	1.6829999999999998	9.999	Electric_shaver_toothbrush
6bgTyN0q-ug_1_11.wav	0.6599999999999999	0.924	Dishes
6bgTyN0q-ug_1_11.wav	1.749	1.947	Dishes
6bgTyN0q-ug_1_11.wav	3.927	4.191	Dishes
6bgTyN0q-ug_1_11.wav	4.752	5.049	Dishes
6bgTyN0q-ug_1_11.wav	7.656000000000001	7.821000000000001	Dishes
12Dnv8nDcdc_300_310.wav	1.089	1.6829999999999998	Dog
12Dnv8nDcdc_300_310.wav	0.0	0.429	Speech
12Dnv8nDcdc_300_310.wav	1.6829999999999998	7.8870000000000005	Speech
12Dnv8nDcdc_300_310.wav	8.184	9.999	Speech
2cu67vMHb8M_290_300.wav	1.089	2.64	Speech
2cu67vMHb8M_290_300.wav	5.4449999999999985	9.999	Vacuum_cleaner
EsRJ9-4deo8_20_30.wav	4.125	4.917	Dishes
EsRJ9-4deo8_20_30.wav	7.524	7.656000000000001	Dishes
EsRJ9-4deo8_20_30.wav	0.0	1.749	Speech
EsRJ9-4deo8_20_30.wav	2.4090000000000003	4.059	Speech
EsRJ9-4deo8_20_30.wav	4.95	9.768	Speech
fhOMBfXlvwM_30_40.wav	2.4090000000000003	9.999	Frying
fhOMBfXlvwM_30_40.wav	0.0	1.947	Speech
fhOMBfXlvwM_30_40.wav	7.821000000000001	9.57	Speech
k0gwpaaHI2A_0_10.wav	2.607	5.973	Blender
k0gwpaaHI2A_0_10.wav	8.315999999999999	9.999	Blender
Tp2YNgJBYHI_125_135.wav	0.0	0.627	Speech
Tp2YNgJBYHI_125_135.wav	0.9570000000000001	1.584	Speech
Tp2YNgJBYHI_125_135.wav	1.881	8.052	Speech
Tp2YNgJBYHI_125_135.wav	8.481	9.009	Speech
6VmWlDdKsLQ_104_114.wav	3.564	9.999	Electric_shaver_toothbrush
6VmWlDdKsLQ_104_114.wav	1.98	2.475	Speech
1S4Oa9ERcHU_3_13.wav	1.452	2.7060000000000004	Cat
1S4Oa9ERcHU_3_13.wav	5.775	6.632999999999999	Cat
2UB7ZxVjpNU_0_10.wav	0.16499999999999998	9.999	Alarm_bell_ringing
7DE3rPuroG0_65_75.wav	2.97	4.3889999999999985	Dishes
7DE3rPuroG0_65_75.wav	0.0	0.924	Speech
7DE3rPuroG0_65_75.wav	2.7060000000000004	3.597	Speech
7DE3rPuroG0_65_75.wav	5.709	6.962999999999999	Speech
pSC4lM8JY38_0_10.wav	0.0	9.999	Running_water
MOoGTUeY4bo_520_530.wav	0.16499999999999998	0.825	Dog
MOoGTUeY4bo_520_530.wav	1.9140000000000001	4.455	Dog
MOoGTUeY4bo_520_530.wav	4.851	5.214	Dog
MOoGTUeY4bo_520_530.wav	6.303	8.216999999999999	Dog
MOoGTUeY4bo_520_530.wav	8.382	8.712	Dog
MOoGTUeY4bo_520_530.wav	9.042	9.273	Dog
MOoGTUeY4bo_520_530.wav	9.57	9.867	Dog
bc8GRwZYepo_0_10.wav	0.0	9.999	Vacuum_cleaner
KQSCAjR8Q5U_16_26.wav	1.3199999999999998	1.881	Cat
KQSCAjR8Q5U_16_26.wav	2.442	3.366	Cat
KQSCAjR8Q5U_16_26.wav	4.026	4.785	Cat
KQSCAjR8Q5U_16_26.wav	5.775	6.6	Cat
KQSCAjR8Q5U_16_26.wav	6.996	7.755	Cat
KQSCAjR8Q5U_16_26.wav	8.283	9.174	Cat
ladKyOxydd4_216_226.wav	0.0	3.927	Speech
ladKyOxydd4_216_226.wav	5.313	7.194	Speech
ladKyOxydd4_216_226.wav	7.755	8.613	Speech
ladKyOxydd4_216_226.wav	9.306000000000001	9.999	Speech
c2tZi9ETw1I_0_10.wav	0.495	1.023	Speech
c2tZi9ETw1I_0_10.wav	6.369	9.999	Speech
Eylcb4rbLSo_242_252.wav	0.0	9.999	Frying
Eylcb4rbLSo_242_252.wav	0.99	1.749	Speech
3BJGUZnSlfw_0_10.wav	0.0	9.999	Vacuum_cleaner
fKxQaqctjbg_0_10.wav	0.0	9.999	Running_water
mrZ2ILPp1f8_57_67.wav	1.452	6.864	Blender
mrZ2ILPp1f8_57_67.wav	0.0	0.495	Speech
mrZ2ILPp1f8_57_67.wav	8.546999999999999	9.999	Speech
eEX5cg27rYs_557_567.wav	6.8969999999999985	9.999	Electric_shaver_toothbrush
eEX5cg27rYs_557_567.wav	4.356	4.6530000000000005	Speech
9ukvwp1Z1WQ_0_10.wav	0.0	9.999	Vacuum_cleaner
HViD2ghRNs4_0_4.wav	2.904	3.333	Cat
LU0ZWTmamKI_118_128.wav	1.617	7.127999999999999	Blender
2rscFDAe1qI_0_10.wav	0.0	9.999	Vacuum_cleaner
URBuec48buc_0_10.wav	0.0	9.999	Electric_shaver_toothbrush
1bJpJ0pxFrE_0_10.wav	0.0	9.999	Running_water
-EIf0pkjwm8_22_32.wav	1.98	4.6530000000000005	Alarm_bell_ringing
-EIf0pkjwm8_22_32.wav	7.59	9.999	Alarm_bell_ringing
xsuC1pxCDr4_275_285.wav	2.277	9.999	Blender
xsuC1pxCDr4_275_285.wav	0.0	1.188	Speech
xsuC1pxCDr4_275_285.wav	4.191	9.999	Vacuum_cleaner
hypG3Tgf5A0_3_13.wav	0.0	9.999	Running_water
aHlRSYHWFTg_187_197.wav	0.759	3.003	Dog
aHlRSYHWFTg_187_197.wav	3.234	4.356	Dog
aHlRSYHWFTg_187_197.wav	4.422	6.765	Speech
aHlRSYHWFTg_187_197.wav	9.075	9.999	Speech
e7ANz022kME_0_10.wav	0.0	9.999	Vacuum_cleaner
MqLF-yOUcYI_81_91.wav	1.947	9.999	Running_water
F2y6HsWY21c_43_53.wav	2.112	9.999	Electric_shaver_toothbrush
IZ9UM4zuOC0_60_70.wav	1.881	9.999	Electric_shaver_toothbrush
IZ9UM4zuOC0_60_70.wav	0.429	1.9140000000000001	Speech
sdHVFACi42A_16_27.wav	0.7919999999999999	1.6829999999999998	Dishes
sdHVFACi42A_16_27.wav	7.359	7.4910000000000005	Dishes
sdHVFACi42A_16_27.wav	8.151	8.58	Dishes
sdHVFACi42A_16_27.wav	1.254	4.95	Speech
sdHVFACi42A_16_27.wav	8.382	9.834	Speech
sUPF7cCn66k_336_346.wav	1.881	9.438	Blender
sUPF7cCn66k_336_346.wav	0.0	1.749	Speech
IqKYt_AACQ4_60_70.wav	0.0	3.432	Speech
IqKYt_AACQ4_60_70.wav	5.148	7.9529999999999985	Speech
v24byJkyIXo_166_176.wav	0.0	2.145	Cat
v24byJkyIXo_166_176.wav	2.607	4.7189999999999985	Cat
v24byJkyIXo_166_176.wav	5.214	7.7879999999999985	Cat
v24byJkyIXo_166_176.wav	9.108	9.999	Cat
s_O7NfbFRog_24_34.wav	1.287	9.999	Alarm_bell_ringing
k-2RZwDArWw_288_298.wav	0.8909999999999999	1.947	Blender
k-2RZwDArWw_288_298.wav	9.108	9.999	Blender
qDKmulbXO6k_0_10.wav	0.0	9.999	Blender
d5Fw3v5gNtA_17_27.wav	0.429	1.386	Speech
wRG8xtPnRpI_145_155.wav	0.0	2.937	Speech
wRG8xtPnRpI_145_155.wav	4.224	4.521	Speech
wRG8xtPnRpI_145_155.wav	8.448	9.108	Speech
PERVXXw9le4_758_768.wav	0.363	0.528	Dishes
PERVXXw9le4_758_768.wav	2.541	2.805	Dishes
PERVXXw9le4_758_768.wav	2.937	3.6630000000000003	Dishes
PERVXXw9le4_758_768.wav	6.303	7.7879999999999985	Dishes
PERVXXw9le4_758_768.wav	8.019	8.216999999999999	Dishes
PERVXXw9le4_758_768.wav	8.448	8.712	Dishes
PERVXXw9le4_758_768.wav	1.815	2.475	Speech
PERVXXw9le4_758_768.wav	3.696	4.422	Speech
PERVXXw9le4_758_768.wav	5.016	6.303	Speech
jbstZWZDQvU_0_10.wav	0.0	9.999	Vacuum_cleaner
OPLnUvSY-XY_0_10.wav	0.0	0.297	Dishes
OPLnUvSY-XY_0_10.wav	0.858	3.366	Dishes
OPLnUvSY-XY_0_10.wav	3.729	9.273	Dishes
OPLnUvSY-XY_0_10.wav	9.405	9.999	Dishes
Stny4tsJCQ8_16_26.wav	3.036	9.999	Blender
-0H7vrzA80U_4_14.wav	0.528	1.749	Cat
-0H7vrzA80U_4_14.wav	2.772	3.597	Cat
-0H7vrzA80U_4_14.wav	4.356	6.27	Cat
-0H7vrzA80U_4_14.wav	6.797999999999999	7.853999999999999	Cat
-0H7vrzA80U_4_14.wav	8.514	9.471	Cat
t8QP9mcBULY_540_550.wav	0.099	1.551	Dishes
t8QP9mcBULY_540_550.wav	1.716	2.31	Dishes
t8QP9mcBULY_540_550.wav	2.607	2.739	Dishes
t8QP9mcBULY_540_550.wav	3.8280000000000003	4.3889999999999985	Dishes
t8QP9mcBULY_540_550.wav	6.303	8.052	Dishes
t8QP9mcBULY_540_550.wav	0.0	9.999	Frying
t8QP9mcBULY_540_550.wav	4.6530000000000005	5.840999999999998	Speech
rDCAWFtGXTM_94_104.wav	0.0	1.7819999999999998	Dog
rDCAWFtGXTM_94_104.wav	2.541	4.125	Dog
rDCAWFtGXTM_94_104.wav	4.3889999999999985	5.840999999999998	Dog
rDCAWFtGXTM_94_104.wav	6.303	6.501	Dog
rDCAWFtGXTM_94_104.wav	7.9529999999999985	9.999	Dog
Ghfu0VBN1zY_0_10.wav	0.0	9.999	Electric_shaver_toothbrush
Ghfu0VBN1zY_0_10.wav	2.673	4.29	Speech
Ghfu0VBN1zY_0_10.wav	6.962999999999999	7.556999999999999	Speech
zlKUSQuXYRU_130_140.wav	1.419	9.999	Blender
zlKUSQuXYRU_130_140.wav	0.0	1.188	Speech
mlbH4LQA_fU_541_551.wav	0.0	9.999	Frying
vdOUWfSiIV4_2_12.wav	6.369	7.359	Cat
vdOUWfSiIV4_2_12.wav	7.821000000000001	8.315999999999999	Cat
vdOUWfSiIV4_2_12.wav	9.141	9.999	Cat
vdOUWfSiIV4_2_12.wav	2.838	3.3989999999999996	Speech
vdOUWfSiIV4_2_12.wav	4.323	4.785	Speech
vdOUWfSiIV4_2_12.wav	5.6099999999999985	6.204	Speech
vdOUWfSiIV4_2_12.wav	6.864	7.391999999999999	Speech
vdOUWfSiIV4_2_12.wav	8.349	8.811	Speech
vdOUWfSiIV4_2_12.wav	9.768	9.999	Speech
7tt7NBIVeMY_141_151.wav	1.287	9.999	Vacuum_cleaner
sf-6rGMBs1c_95_105.wav	1.584	3.63	Speech
FG1LO79tmas_95_105.wav	0.0	2.145	Speech
FG1LO79tmas_95_105.wav	3.036	7.2269999999999985	Speech
FG1LO79tmas_95_105.wav	8.283	9.999	Speech
QZ3YoLvdRAE_0_10.wav	1.9140000000000001	2.739	Cat
QZ3YoLvdRAE_0_10.wav	4.224	5.181	Cat
QZ3YoLvdRAE_0_10.wav	6.996	7.821000000000001	Cat
QZ3YoLvdRAE_0_10.wav	9.372	9.999	Cat
TTNRGw4ljjQ_108_118.wav	0.0	2.838	Speech
TTNRGw4ljjQ_108_118.wav	3.762	7.755	Speech
TTNRGw4ljjQ_108_118.wav	8.084999999999999	9.999	Speech
iVNxnElSF2M_0_10.wav	4.587	9.999	Alarm_bell_ringing
nIMVxFJ2AQg_1_11.wav	0.5609999999999999	8.514	Dog
nIMVxFJ2AQg_1_11.wav	9.24	9.999	Dog
BFWN_OXjYM0_14_24.wav	0.924	1.419	Dog
BFWN_OXjYM0_14_24.wav	3.135	3.432	Dog
BFWN_OXjYM0_14_24.wav	9.075	9.57	Dog
pZ5g7ztW7iM_250_260.wav	2.772	4.158	Speech
pZ5g7ztW7iM_250_260.wav	4.125	9.999	Vacuum_cleaner
4fToGeoB7Qw_41_51.wav	1.749	2.079	Dishes
4fToGeoB7Qw_41_51.wav	2.904	3.531	Dishes
4fToGeoB7Qw_41_51.wav	6.039	6.401999999999999	Dishes
4fToGeoB7Qw_41_51.wav	8.448	8.811	Dishes
4fToGeoB7Qw_41_51.wav	1.9140000000000001	2.97	Speech
4fToGeoB7Qw_41_51.wav	4.917	6.3359999999999985	Speech
4fToGeoB7Qw_41_51.wav	9.273	9.999	Speech
buqt6_CjtuI_0_10.wav	0.858	9.999	Vacuum_cleaner
2ihT-Zg9aAc_0_10.wav	0.0	9.999	Alarm_bell_ringing
ihGC9-sGt84_58_68.wav	2.178	5.148	Dishes
ihGC9-sGt84_58_68.wav	0.0	9.999	Frying
ihGC9-sGt84_58_68.wav	4.851	6.632999999999999	Speech
nBVVRNFivnA_0_10.wav	0.0	9.999	Frying
l6bTwm_udWY_78_88.wav	0.0	9.999	Frying
NtkJOtpnZXQ_118_128.wav	1.749	9.999	Blender
f4_7OgNkl-4_25_35.wav	6.501	7.2269999999999985	Cat
1Ro0FgMWTUE_120_130.wav	7.821000000000001	8.811	Dishes
1Ro0FgMWTUE_120_130.wav	2.8710000000000004	9.999	Frying
1Ro0FgMWTUE_120_130.wav	0.0	2.112	Speech
1Ro0FgMWTUE_120_130.wav	2.607	4.686	Speech
1Ro0FgMWTUE_120_130.wav	6.731999999999998	7.821000000000001	Speech
1Ro0FgMWTUE_120_130.wav	9.372	9.999	Speech
Y5PYnkpkAZQ_0_10.wav	0.528	9.999	Running_water
FW1DWiIHmAE_0_10.wav	0.0	9.999	Dog
64zwMCsqdeM_106_116.wav	6.27	6.435	Dishes
64zwMCsqdeM_106_116.wav	6.6	7.3260000000000005	Dishes
64zwMCsqdeM_106_116.wav	0.825	5.544	Speech
64zwMCsqdeM_106_116.wav	9.174	9.999	Speech
Sd3a4n-41cA_20_30.wav	1.749	9.999	Electric_shaver_toothbrush
Sd3a4n-41cA_20_30.wav	0.0	1.518	Speech
45OrmgLniPE_940_950.wav	0.0	2.508	Speech
45OrmgLniPE_940_950.wav	4.29	4.587	Speech
45OrmgLniPE_940_950.wav	2.376	9.999	Vacuum_cleaner
92ZU3IcYEIE_270_280.wav	9.339	9.999	Blender
92ZU3IcYEIE_270_280.wav	0.0	8.745	Speech
dysBsinlxm8_136_146.wav	5.214	5.577000000000001	Cat
dysBsinlxm8_136_146.wav	2.937	3.267	Dishes
dysBsinlxm8_136_146.wav	4.026	4.158	Dishes
dysBsinlxm8_136_146.wav	7.853999999999999	8.415	Dishes
dysBsinlxm8_136_146.wav	8.811	8.975999999999997	Dishes
xm8E9jyuAs0_0_8.wav	0.0	7.986000000000001	Running_water
Nj30UED-ShI_16_26.wav	0.0	0.5609999999999999	Speech
Nj30UED-ShI_16_26.wav	1.7819999999999998	3.003	Speech
Nj30UED-ShI_16_26.wav	3.366	4.7189999999999985	Speech
Nj30UED-ShI_16_26.wav	5.742000000000001	6.864	Speech
Nj30UED-ShI_16_26.wav	7.2269999999999985	9.405	Speech
qWPuyhb3iu4_19_29.wav	9.438	9.867	Alarm_bell_ringing
qWPuyhb3iu4_19_29.wav	0.924	1.947	Cat
qWPuyhb3iu4_19_29.wav	6.864	7.8870000000000005	Cat
qWPuyhb3iu4_19_29.wav	8.349	9.075	Cat
qWPuyhb3iu4_19_29.wav	9.405	9.999	Cat
YMZ1Y6r_9Jc_205_215.wav	1.848	8.216999999999999	Blender
YMZ1Y6r_9Jc_205_215.wav	0.5609999999999999	1.749	Speech
YMZ1Y6r_9Jc_205_215.wav	8.448	9.999	Speech
qr6UADCy2Ek_0_10.wav	1.386	9.999	Vacuum_cleaner
t2XGcLwnMww_0_10.wav	0.759	1.287	Alarm_bell_ringing
t2XGcLwnMww_0_10.wav	2.079	2.31	Alarm_bell_ringing
t2XGcLwnMww_0_10.wav	2.904	3.432	Alarm_bell_ringing
t2XGcLwnMww_0_10.wav	3.9930000000000003	4.488	Alarm_bell_ringing
t2XGcLwnMww_0_10.wav	5.049	5.577000000000001	Alarm_bell_ringing
t2XGcLwnMww_0_10.wav	6.105	6.632999999999999	Alarm_bell_ringing
t2XGcLwnMww_0_10.wav	7.194	7.721999999999999	Alarm_bell_ringing
t2XGcLwnMww_0_10.wav	8.25	8.777999999999999	Alarm_bell_ringing
t2XGcLwnMww_0_10.wav	9.339	9.834	Alarm_bell_ringing
lv14REvqCxY_422_432.wav	0.627	8.448	Blender
lv14REvqCxY_422_432.wav	8.58	9.768	Speech
1LKP1ZyHgVg_0_10.wav	1.221	1.9140000000000001	Cat
1LKP1ZyHgVg_0_10.wav	3.3	4.026	Cat
1LKP1ZyHgVg_0_10.wav	5.247000000000001	6.27	Cat
1LKP1ZyHgVg_0_10.wav	7.721999999999999	8.811	Cat
pqXxHrMxVR8_3_10.wav	1.188	1.947	Dog
pqXxHrMxVR8_3_10.wav	2.079	4.257	Dog
pqXxHrMxVR8_3_10.wav	4.785	5.907	Dog
pqXxHrMxVR8_3_10.wav	6.401999999999999	7.127999999999999	Dog
q5iYRhmXIdI_0_10.wav	0.0	9.999	Vacuum_cleaner
z3U0udLH974_0_10.wav	0.396	0.9570000000000001	Cat
z3U0udLH974_0_10.wav	3.432	3.96	Cat
z3U0udLH974_0_10.wav	5.412000000000001	5.808	Cat
z3U0udLH974_0_10.wav	6.369	7.127999999999999	Cat
z3U0udLH974_0_10.wav	9.867	9.999	Cat
FrbI9OVmnOs_255_265.wav	0.0	9.999	Frying
xf0Mi3kWKhY_352_362.wav	7.92	9.999	Dog
xf0Mi3kWKhY_352_362.wav	2.277	3.432	Speech
xf0Mi3kWKhY_352_362.wav	4.3889999999999985	5.6099999999999985	Speech
xf0Mi3kWKhY_352_362.wav	5.94	6.731999999999998	Speech
t9nEkbCWavs_263_273.wav	0.396	7.986000000000001	Speech
t9nEkbCWavs_263_273.wav	8.613	9.999	Speech
x_VAsM7Gq68_737_747.wav	2.838	7.755	Blender
x_VAsM7Gq68_737_747.wav	1.617	2.541	Speech
ej9V6yE1kzs_0_10.wav	0.594	4.323	Alarm_bell_ringing
ej9V6yE1kzs_0_10.wav	5.247000000000001	8.975999999999997	Alarm_bell_ringing
4YNJix0AJBA_288_298.wav	0.066	0.396	Alarm_bell_ringing
4YNJix0AJBA_288_298.wav	4.587	5.016	Alarm_bell_ringing
4YNJix0AJBA_288_298.wav	0.396	2.046	Speech
4YNJix0AJBA_288_298.wav	2.574	4.587	Speech
4YNJix0AJBA_288_298.wav	5.049	5.544	Speech
4YNJix0AJBA_288_298.wav	5.840999999999998	9.735	Speech
udvgswbGqyE_0_10.wav	1.386	7.0619999999999985	Electric_shaver_toothbrush
UzEJz__Y9zE_67_77.wav	0.396	0.5609999999999999	Dishes
UzEJz__Y9zE_67_77.wav	3.8280000000000003	9.273	Electric_shaver_toothbrush
UzEJz__Y9zE_67_77.wav	0.0	9.999	Frying
ySdXyt_XR9Y_210_220.wav	0.0	2.607	Speech
ySdXyt_XR9Y_210_220.wav	5.709	7.359	Speech
LNGP0hK-qQc_134_144.wav	1.7819999999999998	9.999	Frying
LNGP0hK-qQc_134_144.wav	0.0	0.594	Speech
LNGP0hK-qQc_134_144.wav	0.858	3.96	Speech
LNGP0hK-qQc_134_144.wav	4.7189999999999985	8.745	Speech
LNGP0hK-qQc_134_144.wav	9.174	9.999	Speech
ii9Y1lLhL5E_322_332.wav	4.059	7.853999999999999	Blender
ii9Y1lLhL5E_322_332.wav	0.0	2.244	Speech
ii9Y1lLhL5E_322_332.wav	8.712	9.999	Speech
8ykvfuAfh3Q_23_33.wav	2.145	2.739	Speech
8ykvfuAfh3Q_23_33.wav	3.6630000000000003	4.7189999999999985	Speech
8ykvfuAfh3Q_23_33.wav	7.9529999999999985	8.613	Speech
WR0E974KiC4_18_28.wav	1.056	2.145	Cat
WR0E974KiC4_18_28.wav	2.904	3.234	Cat
WR0E974KiC4_18_28.wav	3.696	4.356	Cat
WR0E974KiC4_18_28.wav	4.9830000000000005	5.907	Cat
WR0E974KiC4_18_28.wav	6.501	7.1610000000000005	Cat
WR0E974KiC4_18_28.wav	9.438	9.999	Cat
TptPmlpVcgo_90_100.wav	3.135	9.999	Blender
TptPmlpVcgo_90_100.wav	0.594	3.135	Speech
nV0SLvvXbOM_564_574.wav	7.7879999999999985	8.019	Dishes
nV0SLvvXbOM_564_574.wav	0.198	1.056	Speech
nV0SLvvXbOM_564_574.wav	7.556999999999999	8.58	Speech
nV0SLvvXbOM_564_574.wav	8.91	9.999	Speech
zJUkqrYTmWE_164_174.wav	0.0	0.099	Alarm_bell_ringing
zJUkqrYTmWE_164_174.wav	0.7919999999999999	1.221	Alarm_bell_ringing
zJUkqrYTmWE_164_174.wav	1.518	3.9930000000000003	Alarm_bell_ringing
zJUkqrYTmWE_164_174.wav	4.3889999999999985	4.7189999999999985	Alarm_bell_ringing
zJUkqrYTmWE_164_174.wav	0.0	4.884	Electric_shaver_toothbrush
zJUkqrYTmWE_164_174.wav	2.508	3.3	Speech
zJUkqrYTmWE_164_174.wav	4.026	6.566999999999998	Speech
zJUkqrYTmWE_164_174.wav	9.669	9.999	Speech
DSi8R5IdmoQ_2290_2300.wav	0.0	9.999	Vacuum_cleaner
oQ2ERbbqL34_14_24.wav	0.396	4.224	Speech
oQ2ERbbqL34_14_24.wav	5.148	9.999	Speech
55SE3frignA_305_315.wav	1.65	9.999	Electric_shaver_toothbrush
55SE3frignA_305_315.wav	0.0	1.188	Speech
55SE3frignA_305_315.wav	3.069	4.851	Speech
55SE3frignA_305_315.wav	8.184	8.777999999999999	Speech
7qTsccKPPpA_0_10.wav	0.0	5.973	Running_water
HIvc75xlPdw_5_15.wav	0.0	9.999	Frying
rVzDnzjvivA_0_10.wav	0.0	9.999	Vacuum_cleaner
uaLUc0oVXdk_62_72.wav	1.386	2.178	Cat
uaLUc0oVXdk_62_72.wav	4.092	4.7189999999999985	Cat
1Q75gU6FXIw_190_200.wav	0.693	9.999	Blender
QVzRDG3pkE8_23_33.wav	2.244	9.999	Vacuum_cleaner
8tbUCO_HtOU_3_13.wav	0.6599999999999999	1.056	Speech
8tbUCO_HtOU_3_13.wav	2.97	4.8180000000000005	Speech
8tbUCO_HtOU_3_13.wav	5.544	6.731999999999998	Speech
8tbUCO_HtOU_3_13.wav	7.721999999999999	9.999	Speech
f_OA9Yqkhx4_0_9.wav	0.462	1.3199999999999998	Cat
f_OA9Yqkhx4_0_9.wav	2.4090000000000003	3.333	Cat
4MIDr6pY_80_8_18.wav	0.429	0.6599999999999999	Dog
4MIDr6pY_80_8_18.wav	1.3530000000000002	3.498	Dog
4MIDr6pY_80_8_18.wav	4.884	5.114999999999998	Dog
4MIDr6pY_80_8_18.wav	8.415	8.645999999999999	Dog
4MIDr6pY_80_8_18.wav	9.768	9.999	Dog
eXhXryMU68g_18_28.wav	0.0	1.3199999999999998	Speech
eXhXryMU68g_18_28.wav	4.752	5.511	Speech
eXhXryMU68g_18_28.wav	6.962999999999999	8.283	Speech
eXhXryMU68g_18_28.wav	9.009	9.999	Speech
U_5Cm1DPu7U_887_897.wav	0.0	9.999	Electric_shaver_toothbrush
FfsQLg2JaEo_85_95.wav	0.0	9.999	Frying
FfsQLg2JaEo_85_95.wav	0.0	0.858	Speech
FfsQLg2JaEo_85_95.wav	1.716	3.96	Speech
FfsQLg2JaEo_85_95.wav	4.686	9.636000000000001	Speech
wCozR52qd6s_3_13.wav	0.0	9.999	Vacuum_cleaner
kgqSKqDCFME_3_13.wav	2.376	2.97	Dog
kgqSKqDCFME_3_13.wav	7.029	7.457999999999998	Dog
ladKyOxydd4_251_261.wav	0.0	2.277	Speech
ladKyOxydd4_251_261.wav	2.607	9.999	Speech
GgfjRgF7fYo_673_683.wav	2.7060000000000004	3.3	Cat
GgfjRgF7fYo_673_683.wav	0.0	1.551	Speech
GgfjRgF7fYo_673_683.wav	3.3	4.3889999999999985	Speech
0-0MLvQfung_0_10.wav	4.7189999999999985	9.999	Cat
TjnpILW-m-Y_110_120.wav	3.366	5.643	Blender
TjnpILW-m-Y_110_120.wav	0.0	0.495	Speech
TjnpILW-m-Y_110_120.wav	0.924	3.069	Speech
TjnpILW-m-Y_110_120.wav	7.029	9.834	Speech
P_dXuddk3fE_67_77.wav	0.0	1.056	Dog
P_dXuddk3fE_67_77.wav	2.607	3.729	Dog
P_dXuddk3fE_67_77.wav	3.9930000000000003	4.488	Dog
P_dXuddk3fE_67_77.wav	4.62	5.709	Dog
P_dXuddk3fE_67_77.wav	5.840999999999998	6.303	Dog
P_dXuddk3fE_67_77.wav	7.4910000000000005	8.613	Dog
P_dXuddk3fE_67_77.wav	9.042	9.57	Dog
7LthJS6PuPI_550_560.wav	4.9830000000000005	6.138	Blender
7LthJS6PuPI_550_560.wav	0.0	0.264	Speech
7LthJS6PuPI_550_560.wav	0.6599999999999999	4.356	Speech
7LthJS6PuPI_550_560.wav	4.7189999999999985	5.247000000000001	Speech
7LthJS6PuPI_550_560.wav	6.435	9.999	Speech
k7lCdke7Iic_40_50.wav	6.0059999999999985	6.864	Dishes
k7lCdke7Iic_40_50.wav	7.0619999999999985	7.2269999999999985	Dishes
k7lCdke7Iic_40_50.wav	9.108	9.438	Dishes
k7lCdke7Iic_40_50.wav	0.0	9.999	Frying
LbBj4Tzi9CQ_36_46.wav	0.0	3.6630000000000003	Speech
LbBj4Tzi9CQ_36_46.wav	4.059	8.58	Speech
JjzupoypGNY_5_15.wav	4.191	6.0059999999999985	Alarm_bell_ringing
Mhtd0LawnIc_1_11.wav	0.0	9.999	Vacuum_cleaner
dN_t0pCr134_30_40.wav	1.98	5.412000000000001	Cat
dN_t0pCr134_30_40.wav	7.359	8.777999999999999	Cat
iStSYb2NjhE_844_854.wav	4.059	4.422	Dishes
iStSYb2NjhE_844_854.wav	6.468	7.095	Dishes
iStSYb2NjhE_844_854.wav	8.844	9.867	Dishes
iStSYb2NjhE_844_854.wav	0.198	2.673	Speech
iStSYb2NjhE_844_854.wav	3.003	3.927	Speech
iStSYb2NjhE_844_854.wav	4.5539999999999985	6.237	Speech
QKun98Y1mt4_14_24.wav	1.947	4.7189999999999985	Dog
QKun98Y1mt4_14_24.wav	5.313	6.6	Dog
bI2PP0iHa9s_641_651.wav	0.0	9.999	Vacuum_cleaner
tuZU_AwIQ4k_420_430.wav	4.95	5.114999999999998	Dishes
tuZU_AwIQ4k_420_430.wav	5.4449999999999985	5.775	Dishes
tuZU_AwIQ4k_420_430.wav	6.731999999999998	7.029	Dishes
tuZU_AwIQ4k_420_430.wav	7.2269999999999985	7.524	Dishes
tuZU_AwIQ4k_420_430.wav	9.141	9.438	Dishes
6Y8vX8Sy8b8_840_850.wav	2.112	2.7060000000000004	Dishes
6Y8vX8Sy8b8_840_850.wav	2.838	3.234	Dishes
6Y8vX8Sy8b8_840_850.wav	3.465	4.587	Dishes
6Y8vX8Sy8b8_840_850.wav	5.082	5.808	Dishes
6Y8vX8Sy8b8_840_850.wav	6.303	6.797999999999999	Dishes
6Y8vX8Sy8b8_840_850.wav	6.962999999999999	7.9529999999999985	Dishes
6Y8vX8Sy8b8_840_850.wav	8.151	9.372	Dishes
6Y8vX8Sy8b8_840_850.wav	9.768	9.999	Dishes
rzuH5Cz4nXQ_853_863.wav	2.112	5.775	Blender
rzuH5Cz4nXQ_853_863.wav	6.501	8.645999999999999	Blender
rzuH5Cz4nXQ_853_863.wav	8.975999999999997	9.999	Speech
uqAKikMO6Fo_40_50.wav	1.551	7.92	Alarm_bell_ringing
uqAKikMO6Fo_40_50.wav	8.151	8.679	Alarm_bell_ringing
uqAKikMO6Fo_40_50.wav	9.207	9.735	Alarm_bell_ringing
WihQCnmBSJo_0_10.wav	0.0	0.9570000000000001	Cat
WihQCnmBSJo_0_10.wav	3.333	3.6630000000000003	Cat
WihQCnmBSJo_0_10.wav	5.907	6.566999999999998	Cat
WihQCnmBSJo_0_10.wav	7.656000000000001	8.448	Cat
ffTF9ZOjAxU_180_190.wav	4.026	5.214	Cat
ffTF9ZOjAxU_180_190.wav	6.072	6.666	Cat
S9ycqqStjmc_28_38.wav	2.178	3.564	Alarm_bell_ringing
HU8-s-WlyTo_70_80.wav	0.0	2.64	Electric_shaver_toothbrush
ogdlN42LL-o_287_297.wav	3.9930000000000003	6.369	Alarm_bell_ringing
ogdlN42LL-o_287_297.wav	1.122	3.729	Speech
ogdlN42LL-o_287_297.wav	6.27	9.999	Speech
KWWCvlu0J10_60_70.wav	0.9570000000000001	2.442	Speech
KWWCvlu0J10_60_70.wav	4.521	9.603	Speech
0BYDGId5pdo_0_10.wav	0.627	1.221	Dishes
0BYDGId5pdo_0_10.wav	2.013	2.244	Dishes
0BYDGId5pdo_0_10.wav	1.221	2.178	Speech
0BYDGId5pdo_0_10.wav	2.673	6.369	Speech
0BYDGId5pdo_0_10.wav	6.93	8.745	Speech
87wrn2pq0l0_19_29.wav	1.749	9.999	Electric_shaver_toothbrush
87wrn2pq0l0_19_29.wav	0.0	0.231	Speech
87wrn2pq0l0_19_29.wav	1.155	2.145	Speech
87wrn2pq0l0_19_29.wav	2.8710000000000004	5.412000000000001	Speech
87wrn2pq0l0_19_29.wav	5.709	6.831	Speech
87wrn2pq0l0_19_29.wav	8.216999999999999	8.546999999999999	Speech
87wrn2pq0l0_19_29.wav	9.108	9.372	Speech
MB1Vmz4xasM_12_22.wav	5.4449999999999985	7.127999999999999	Dishes
MB1Vmz4xasM_12_22.wav	7.721999999999999	9.735	Dishes
O8G-xGF3gsU_0_10.wav	0.528	0.99	Dog
O8G-xGF3gsU_0_10.wav	2.343	9.999	Dog
NpaZI5_hk18_224_234.wav	4.257	5.346	Dishes
NpaZI5_hk18_224_234.wav	6.039	6.369	Dishes
NpaZI5_hk18_224_234.wav	0.0	9.999	Frying
NpaZI5_hk18_224_234.wav	0.0	1.485	Speech
NpaZI5_hk18_224_234.wav	2.343	3.201	Speech
NpaZI5_hk18_224_234.wav	7.359	8.118	Speech
NpaZI5_hk18_224_234.wav	8.448	8.975999999999997	Speech
G5P75b9G5fA_10_20.wav	6.6	8.712	Dishes
G5P75b9G5fA_10_20.wav	0.0	9.999	Frying
vBShYV79LK0_782_792.wav	1.287	9.999	Electric_shaver_toothbrush
l80bnVwIkn4_23_33.wav	2.475	3.069	Dog
l80bnVwIkn4_23_33.wav	4.092	4.5539999999999985	Dog
l80bnVwIkn4_23_33.wav	8.118	8.712	Dog
l80bnVwIkn4_23_33.wav	5.346	5.6099999999999985	Speech
wV4tlDTHbKs_310_320.wav	1.3530000000000002	9.999	Vacuum_cleaner
E5FKAyY7rjI_0_10.wav	0.0	9.999	Vacuum_cleaner
E-z3SON0wXs_110_120.wav	0.0	9.999	Vacuum_cleaner
S0j8EKgQBkE_402_412.wav	1.452	9.999	Blender
S0j8EKgQBkE_402_412.wav	0.0	0.99	Speech
PfOrbtKdC8E_9_19.wav	6.6	6.962999999999999	Cat
PfOrbtKdC8E_9_19.wav	7.7879999999999985	8.25	Cat
PfOrbtKdC8E_9_19.wav	0.297	1.6829999999999998	Speech
PfOrbtKdC8E_9_19.wav	3.333	6.401999999999999	Speech
PfOrbtKdC8E_9_19.wav	8.315999999999999	9.339	Speech
MOjL1UQxRfo_12_22.wav	1.881	5.6099999999999985	Speech
MOjL1UQxRfo_12_22.wav	6.072	9.999	Speech
Nz-IhS2NT4k_7_17.wav	2.673	9.999	Vacuum_cleaner
4_1zk1dkwfE_0_9.wav	3.597	7.9529999999999985	Alarm_bell_ringing
SiX7mSLUl7c_5_15.wav	0.0	9.999	Frying
NmsaklattGM_514_524.wav	3.564	3.927	Dishes
NmsaklattGM_514_524.wav	4.455	4.686	Dishes
NmsaklattGM_514_524.wav	5.379	5.840999999999998	Dishes
NmsaklattGM_514_524.wav	6.303	6.534	Dishes
NmsaklattGM_514_524.wav	0.0	9.999	Frying
NmsaklattGM_514_524.wav	1.254	2.343	Speech
k5ZxJBdUCWg_2_12.wav	2.97	3.465	Cat
zFB78vEUjBE_0_10.wav	0.0	9.999	Frying
OULuMUbLmLw_0_10.wav	2.277	2.541	Dishes
OULuMUbLmLw_0_10.wav	0.0	3.3	Speech
OULuMUbLmLw_0_10.wav	4.8180000000000005	7.127999999999999	Speech
zU55Hp2Hx40_540_550.wav	0.0	9.999	Frying
pZ5g7ztW7iM_253_263.wav	0.0	1.155	Speech
pZ5g7ztW7iM_253_263.wav	1.122	9.999	Vacuum_cleaner
myRr2k_ktMU_0_8.wav	0.132	7.986000000000001	Alarm_bell_ringing
y06xeitDfcs_0_10.wav	2.112	3.003	Cat
y06xeitDfcs_0_10.wav	4.521	5.643	Cat
KBdxE1DmRUc_0_10.wav	0.0	9.999	Vacuum_cleaner
K88W29l8fA4_446_456.wav	0.99	1.3530000000000002	Dog
K88W29l8fA4_446_456.wav	1.617	2.013	Dog
K88W29l8fA4_446_456.wav	3.003	3.366	Dog
K88W29l8fA4_446_456.wav	4.125	4.521	Dog
K88W29l8fA4_446_456.wav	5.214	5.6099999999999985	Dog
K88W29l8fA4_446_456.wav	6.138	6.534	Dog
K88W29l8fA4_446_456.wav	6.962999999999999	7.3260000000000005	Dog
K88W29l8fA4_446_456.wav	7.524	7.92	Dog
K88W29l8fA4_446_456.wav	9.372	9.999	Dog
L5jZgm0Xd2w_269_279.wav	2.145	9.999	Vacuum_cleaner
4z9TmhD-3aM_99_109.wav	0.0	3.3	Speech
4z9TmhD-3aM_99_109.wav	4.488	9.999	Speech
gNbnDKmaehY_264_274.wav	1.518	2.574	Dishes
gNbnDKmaehY_264_274.wav	5.907	6.831	Dishes
gNbnDKmaehY_264_274.wav	8.315999999999999	9.603	Dishes
gNbnDKmaehY_264_274.wav	0.0	8.514	Frying
3XGni7aHhr4_360_370.wav	2.31	3.762	Speech
wsDu3AsZBDA_0_10.wav	1.188	9.999	Blender
G8TArh9GA4U_60_70.wav	0.0	2.4090000000000003	Speech
G8TArh9GA4U_60_70.wav	7.821000000000001	9.273	Speech
anQIAJICj4o_17_27.wav	2.805	3.762	Speech
bytycbbtLdo_477_487.wav	1.287	1.749	Dishes
bytycbbtLdo_477_487.wav	2.541	5.114999999999998	Dishes
bytycbbtLdo_477_487.wav	6.138	7.2269999999999985	Dishes
bytycbbtLdo_477_487.wav	8.844	9.042	Dishes
bytycbbtLdo_477_487.wav	0.0	9.999	Frying
6ze6mWloUw8_144_154.wav	0.16499999999999998	2.079	Speech
6ze6mWloUw8_144_154.wav	2.442	6.138	Speech
6ze6mWloUw8_144_154.wav	7.194	9.999	Speech
yW66c6vrSR8_0_10.wav	1.7819999999999998	6.039	Running_water
yL5PlVi24dI_958_968.wav	3.333	9.999	Blender
yL5PlVi24dI_958_968.wav	0.0	0.8909999999999999	Speech
yL5PlVi24dI_958_968.wav	1.3199999999999998	3.069	Speech
kEiFeL7Qytg_90_100.wav	1.122	9.999	Electric_shaver_toothbrush
kEiFeL7Qytg_90_100.wav	0.0	0.231	Speech
rFmPp2lPyTs_96_106.wav	0.0	0.495	Speech
rFmPp2lPyTs_96_106.wav	1.6829999999999998	2.772	Speech
rFmPp2lPyTs_96_106.wav	6.401999999999999	6.996	Speech
rFmPp2lPyTs_96_106.wav	8.58	8.943	Speech
rFmPp2lPyTs_96_106.wav	9.537	9.999	Speech
SytvyeqzeqY_700_710.wav	2.475	9.999	Vacuum_cleaner
Rku_1ONjnG8_718_728.wav	1.056	4.026	Blender
Rku_1ONjnG8_718_728.wav	9.636000000000001	9.999	Blender
Rku_1ONjnG8_718_728.wav	0.924	4.257	Electric_shaver_toothbrush
Rku_1ONjnG8_718_728.wav	5.709	9.042	Speech
AnFaTuhLHKw_0_10.wav	0.0	9.999	Vacuum_cleaner
IF6f0rmB6dE_27_37.wav	9.504	9.999	Cat
croKDPQZ2F8_23_33.wav	1.188	9.999	Electric_shaver_toothbrush
tDEqJFGbs0U_3_13.wav	0.396	9.735	Alarm_bell_ringing
6pMQjvXuZP8_30_40.wav	0.0	2.541	Speech
6pMQjvXuZP8_30_40.wav	2.8710000000000004	5.94	Speech
6pMQjvXuZP8_30_40.wav	6.534	7.0619999999999985	Speech
6pMQjvXuZP8_30_40.wav	7.3260000000000005	9.207	Speech
6pMQjvXuZP8_30_40.wav	9.603	9.999	Speech
HoKDVwOnRWI_372_382.wav	3.696	3.8280000000000003	Dishes
HoKDVwOnRWI_372_382.wav	4.158	5.2799999999999985	Dishes
HoKDVwOnRWI_372_382.wav	5.742000000000001	7.2269999999999985	Dishes
HoKDVwOnRWI_372_382.wav	7.457999999999998	8.151	Dishes
HoKDVwOnRWI_372_382.wav	0.726	4.29	Frying
PJSgFoZokpk_20_30.wav	0.0	9.999	Vacuum_cleaner
2tIZoLqidPs_598_608.wav	2.178	9.999	Electric_shaver_toothbrush
2tIZoLqidPs_598_608.wav	0.0	0.594	Speech
2tIZoLqidPs_598_608.wav	1.056	1.848	Speech
bqsGJ1_SbcI_123_133.wav	6.962999999999999	7.292999999999998	Dishes
bqsGJ1_SbcI_123_133.wav	0.6599999999999999	1.9140000000000001	Speech
bqsGJ1_SbcI_123_133.wav	2.244	3.234	Speech
bqsGJ1_SbcI_123_133.wav	3.927	6.237	Speech
UM7VluUSOw8_399_409.wav	7.1610000000000005	9.801	Alarm_bell_ringing
UM7VluUSOw8_399_409.wav	2.31	3.3989999999999996	Dog
UM7VluUSOw8_399_409.wav	4.422	6.6	Dog
y6IX4j4R_Fk_744_754.wav	0.0	9.999	Vacuum_cleaner
cYdIxGnf2_w_30_40.wav	1.848	2.442	Cat
cYdIxGnf2_w_30_40.wav	4.587	5.379	Cat
2sMzNr0q_as_246_256.wav	0.0	5.049	Vacuum_cleaner
J0CeoQ_BqSw_0_10.wav	0.0	9.999	Alarm_bell_ringing
tOFElZgkMeo_2_12.wav	0.0	9.999	Vacuum_cleaner
r2aKAbMtan0_0_10.wav	0.0	9.999	Vacuum_cleaner
tOFElZgkMeo_3_13.wav	0.0	9.999	Vacuum_cleaner
49AbSai8It4_635_645.wav	3.3989999999999996	4.488	Alarm_bell_ringing
49AbSai8It4_635_645.wav	8.184	8.943	Alarm_bell_ringing
49AbSai8It4_635_645.wav	0.0	1.7819999999999998	Speech
49AbSai8It4_635_645.wav	2.145	3.267	Speech
49AbSai8It4_635_645.wav	4.917	6.6	Speech
49AbSai8It4_635_645.wav	6.864	8.019	Speech
49AbSai8It4_635_645.wav	9.372	9.999	Speech
eExY5ysxeCc_0_10.wav	8.975999999999997	9.636000000000001	Speech
EjOoZ3_3ADA_6_16.wav	4.059	5.379	Dog
EjOoZ3_3ADA_6_16.wav	7.9529999999999985	8.546999999999999	Dog
EjOoZ3_3ADA_6_16.wav	3.9930000000000003	4.356	Speech
dfRtayqQAls_14_24.wav	2.574	9.207	Electric_shaver_toothbrush
assKHwJYvH4_208_218.wav	1.584	9.999	Vacuum_cleaner
g6IYRU5HYgo_0_10.wav	0.16499999999999998	9.999	Alarm_bell_ringing
842HgZcd2e8_102_112.wav	5.511	6.237	Dog
842HgZcd2e8_102_112.wav	6.435	7.9529999999999985	Dog
842HgZcd2e8_102_112.wav	0.0	5.2799999999999985	Speech
842HgZcd2e8_102_112.wav	8.382	9.999	Speech
VDMOFa8iRqo_396_406.wav	3.498	9.999	Blender
VDMOFa8iRqo_396_406.wav	0.0	0.297	Speech
VDMOFa8iRqo_396_406.wav	1.089	2.937	Speech
cLgqUWTSbJQ_0_10.wav	0.0	9.999	Vacuum_cleaner
DVIjBBhCn5Q_210_220.wav	3.366	8.084999999999999	Blender
DVIjBBhCn5Q_210_220.wav	0.528	1.716	Speech
DVIjBBhCn5Q_210_220.wav	8.349	9.075	Speech
DVIjBBhCn5Q_210_220.wav	9.438	9.999	Speech
BFWN_OXjYM0_0_10.wav	5.412000000000001	6.27	Cat
BFWN_OXjYM0_0_10.wav	8.151	8.613	Cat
BFWN_OXjYM0_0_10.wav	0.231	2.4090000000000003	Speech
BFWN_OXjYM0_0_10.wav	6.369	7.095	Speech
BFWN_OXjYM0_0_10.wav	8.876999999999997	9.834	Speech
BTC4nw4Mg5c_9_19.wav	1.617	2.31	Dog
BTC4nw4Mg5c_9_19.wav	3.597	4.422	Dog
BTC4nw4Mg5c_9_19.wav	4.785	5.214	Dog
BTC4nw4Mg5c_9_19.wav	5.874	6.039	Dog
BTC4nw4Mg5c_9_19.wav	6.864	9.735	Dog
dm_yucoFC_M_60_70.wav	5.214	5.874	Cat
dm_yucoFC_M_60_70.wav	6.566999999999998	7.622999999999998	Cat
dm_yucoFC_M_60_70.wav	3.201	4.3889999999999985	Speech
MVx1F79YO3U_7_17.wav	1.848	9.999	Vacuum_cleaner
64zwMCsqdeM_133_143.wav	2.8710000000000004	9.999	Blender
64zwMCsqdeM_133_143.wav	0.0	0.528	Speech
64zwMCsqdeM_133_143.wav	1.221	2.673	Speech
64zwMCsqdeM_133_143.wav	5.709	5.973	Speech
64zwMCsqdeM_133_143.wav	7.755	8.448	Speech
Qo_LHgcj0ao_34_44.wav	0.99	5.478	Running_water
i014L3ZZdsE_50_60.wav	1.221	2.4090000000000003	Cat
i014L3ZZdsE_50_60.wav	3.069	3.729	Cat
i014L3ZZdsE_50_60.wav	6.0059999999999985	6.666	Cat
i014L3ZZdsE_50_60.wav	7.689	8.184	Cat
i014L3ZZdsE_50_60.wav	2.046	3.168	Speech
i014L3ZZdsE_50_60.wav	4.191	5.709	Speech
i014L3ZZdsE_50_60.wav	8.382	8.943	Speech
aLEle1O8hZY_23_33.wav	0.0	8.151	Dog
W7GdMZgJy64_480_490.wav	4.059	9.999	Blender
W7GdMZgJy64_480_490.wav	0.0	0.231	Speech
W7GdMZgJy64_480_490.wav	1.089	2.277	Speech
LSadKjcr41k_295_305.wav	2.442	9.999	Electric_shaver_toothbrush
LSadKjcr41k_295_305.wav	0.0	2.574	Speech
LSadKjcr41k_295_305.wav	3.366	5.379	Speech
hW4ocGjsuhg_292_302.wav	3.432	9.999	Electric_shaver_toothbrush
hW4ocGjsuhg_292_302.wav	2.277	2.772	Speech
EED6P07onn8_210_220.wav	0.0	0.33	Speech
EED6P07onn8_210_220.wav	4.62	9.999	Vacuum_cleaner
vyaGzy07daw_212_222.wav	2.673	2.937	Dishes
vyaGzy07daw_212_222.wav	3.795	4.323	Dishes
vyaGzy07daw_212_222.wav	4.521	5.94	Dishes
vyaGzy07daw_212_222.wav	6.237	7.689	Dishes
vyaGzy07daw_212_222.wav	1.287	2.013	Speech
QsY7F-ecD_U_4_14.wav	1.6829999999999998	5.544	Cat
QsY7F-ecD_U_4_14.wav	6.303	7.029	Cat
QsY7F-ecD_U_4_14.wav	7.359	9.009	Cat
QsY7F-ecD_U_4_14.wav	9.834	9.999	Cat
J5pibI98hVg_167_177.wav	4.224	9.999	Blender
J5pibI98hVg_167_177.wav	0.6599999999999999	3.267	Speech
6nh51gqR47k_1970_1980.wav	3.927	4.158	Dishes
6nh51gqR47k_1970_1980.wav	1.749	3.168	Speech
6nh51gqR47k_1970_1980.wav	5.2799999999999985	7.359	Speech
6nh51gqR47k_1970_1980.wav	7.721999999999999	9.405	Speech
gNbnDKmaehY_100_110.wav	2.244	2.772	Dishes
gNbnDKmaehY_100_110.wav	4.7189999999999985	5.313	Dishes
gNbnDKmaehY_100_110.wav	7.029	7.425	Dishes
gNbnDKmaehY_100_110.wav	8.514	8.745	Dishes
gNbnDKmaehY_100_110.wav	9.174	9.57	Dishes
gNbnDKmaehY_100_110.wav	0.0	9.999	Frying
gNbnDKmaehY_100_110.wav	0.396	0.726	Speech
4wWbf0qP5K0_420_430.wav	5.016	7.457999999999998	Electric_shaver_toothbrush
4wWbf0qP5K0_420_430.wav	1.584	2.277	Speech
4wWbf0qP5K0_420_430.wav	3.6630000000000003	3.927	Speech
4wWbf0qP5K0_420_430.wav	5.907	7.821000000000001	Speech
4wWbf0qP5K0_420_430.wav	8.349	9.999	Speech
_HT3yHP910c_0_10.wav	0.495	0.99	Dog
_HT3yHP910c_0_10.wav	1.254	1.716	Dog
_HT3yHP910c_0_10.wav	2.145	2.64	Dog
_HT3yHP910c_0_10.wav	2.772	5.709	Dog
_HT3yHP910c_0_10.wav	5.840999999999998	6.369	Dog
_HT3yHP910c_0_10.wav	8.811	9.999	Dog
7Ngf_EYN1Aw_24_34.wav	0.0	0.726	Cat
7Ngf_EYN1Aw_24_34.wav	2.079	3.003	Cat
7Ngf_EYN1Aw_24_34.wav	4.3889999999999985	5.049	Cat
7Ngf_EYN1Aw_24_34.wav	6.632999999999999	7.853999999999999	Cat
7Ngf_EYN1Aw_24_34.wav	1.221	1.617	Speech
7Ngf_EYN1Aw_24_34.wav	3.069	4.026	Speech
7Ngf_EYN1Aw_24_34.wav	5.775	6.105	Speech
DUZ_nQ913Dk_107_117.wav	0.0	0.16499999999999998	Speech
DUZ_nQ913Dk_107_117.wav	0.495	1.056	Speech
DUZ_nQ913Dk_107_117.wav	2.211	3.234	Speech
DUZ_nQ913Dk_107_117.wav	6.105	7.622999999999998	Speech
DUZ_nQ913Dk_107_117.wav	8.184	9.24	Speech
DUZ_nQ913Dk_107_117.wav	9.603	9.999	Speech
DUZ_nQ913Dk_107_117.wav	3.267	6.566999999999998	Vacuum_cleaner
fSPCZCyf4kg_40_50.wav	0.16499999999999998	0.363	Alarm_bell_ringing
fSPCZCyf4kg_40_50.wav	0.825	1.3530000000000002	Alarm_bell_ringing
fSPCZCyf4kg_40_50.wav	1.749	1.947	Alarm_bell_ringing
fSPCZCyf4kg_40_50.wav	6.666	6.831	Alarm_bell_ringing
fSPCZCyf4kg_40_50.wav	8.315999999999999	8.613	Alarm_bell_ringing
AeCMD0ldMBQ_0_10.wav	0.0	9.999	Running_water
PQLE3y_vaQY_7_17.wav	0.0	0.297	Speech
MZkF6A3RKeU_20_30.wav	0.0	9.999	Frying
HLIlAH2CjFw_488_498.wav	4.62	4.785	Dishes
HLIlAH2CjFw_488_498.wav	5.544	6.039	Dishes
HLIlAH2CjFw_488_498.wav	7.3260000000000005	7.556999999999999	Dishes
FTYj18YKCYY_185_195.wav	5.973	9.669	Blender
FTYj18YKCYY_185_195.wav	3.036	4.026	Speech
UhN2G4YdzHw_0_10.wav	5.6099999999999985	6.1709999999999985	Dishes
UhN2G4YdzHw_0_10.wav	7.457999999999998	7.59	Dishes
UhN2G4YdzHw_0_10.wav	8.876999999999997	9.504	Speech
hwGxTuO5DNo_57_67.wav	2.145	3.003	Cat
hwGxTuO5DNo_57_67.wav	7.853999999999999	8.58	Cat
hwGxTuO5DNo_57_67.wav	0.264	1.881	Speech
hwGxTuO5DNo_57_67.wav	3.3989999999999996	4.95	Speech
hwGxTuO5DNo_57_67.wav	5.4449999999999985	7.721999999999999	Speech
6sjz04nF7jQ_9_19.wav	3.564	9.999	Blender
PSOd9BGE_88_12_22.wav	1.65	9.504	Running_water
D9l2WbEm2p8_36_46.wav	2.442	5.840999999999998	Dishes
D9l2WbEm2p8_36_46.wav	6.138	7.755	Dishes
D9l2WbEm2p8_36_46.wav	0.0	9.999	Frying
D9l2WbEm2p8_36_46.wav	0.0	0.297	Speech
vtfwmLelXDM_50_60.wav	0.0	0.396	Cat
vtfwmLelXDM_50_60.wav	1.155	1.485	Cat
vtfwmLelXDM_50_60.wav	1.9140000000000001	3.135	Cat
vtfwmLelXDM_50_60.wav	3.597	4.3889999999999985	Cat
vtfwmLelXDM_50_60.wav	4.917	5.808	Cat
vtfwmLelXDM_50_60.wav	7.127999999999999	8.777999999999999	Cat
vtfwmLelXDM_50_60.wav	6.1709999999999985	6.864	Speech
K36wIELI9mE_489_499.wav	0.0	0.16499999999999998	Speech
K36wIELI9mE_489_499.wav	1.056	3.036	Speech
K36wIELI9mE_489_499.wav	4.917	6.369	Speech
Ud1jzeVkTVE_0_10.wav	0.0	9.999	Vacuum_cleaner
S7Kkl6nz3qU_73_83.wav	1.881	2.673	Cat
S7Kkl6nz3qU_73_83.wav	3.6630000000000003	4.29	Cat
VCCRNTbfc_c_0_10.wav	0.0	5.016	Running_water
VCCRNTbfc_c_0_10.wav	6.797999999999999	9.999	Running_water
MP2K-h1QQKo_232_242.wav	2.607	2.97	Speech
MP2K-h1QQKo_232_242.wav	3.333	3.96	Speech
wh7IGUd9vXI_129_139.wav	0.0	6.138	Electric_shaver_toothbrush
wh7IGUd9vXI_129_139.wav	6.501	7.1610000000000005	Speech
wh7IGUd9vXI_129_139.wav	7.853999999999999	8.613	Speech
wh7IGUd9vXI_129_139.wav	9.471	9.999	Speech
UMca9w8s60Y_9_19.wav	2.508	7.127999999999999	Alarm_bell_ringing
UMca9w8s60Y_9_19.wav	7.92	9.999	Alarm_bell_ringing
A_Ove_2c-UQ_37_47.wav	5.94	6.1709999999999985	Dishes
A_Ove_2c-UQ_37_47.wav	9.669	9.999	Dishes
A_Ove_2c-UQ_37_47.wav	1.188	2.277	Speech
A_Ove_2c-UQ_37_47.wav	4.521	5.577000000000001	Speech
A_Ove_2c-UQ_37_47.wav	6.765	9.108	Speech
eg0DFT3qpKo_497_507.wav	1.584	7.622999999999998	Electric_shaver_toothbrush
eg0DFT3qpKo_497_507.wav	8.514	9.999	Speech
WP8aI1IXNCQ_0_5.wav	0.16499999999999998	3.3	Alarm_bell_ringing
gJBUb5zqens_90_100.wav	2.376	9.438	Blender
gJBUb5zqens_90_100.wav	0.0	1.98	Speech
L3SIlxdLGxI_65_75.wav	5.346	9.999	Electric_shaver_toothbrush
L3SIlxdLGxI_65_75.wav	0.528	1.386	Speech
L3SIlxdLGxI_65_75.wav	2.178	5.379	Speech
L3SIlxdLGxI_65_75.wav	7.656000000000001	8.777999999999999	Speech
Df7veBP0Wu4_28_38.wav	1.188	2.376	Cat
Df7veBP0Wu4_28_38.wav	5.874	8.943	Cat
Df7veBP0Wu4_28_38.wav	9.24	9.999	Cat
oCajJ7h0Ze8_34_44.wav	3.036	3.9930000000000003	Dog
oCajJ7h0Ze8_34_44.wav	6.566999999999998	7.3260000000000005	Dog
oCajJ7h0Ze8_34_44.wav	8.382	8.811	Dog
PeNwCvGYEtg_130_140.wav	2.475	9.999	Frying
PeNwCvGYEtg_130_140.wav	0.0	0.759	Speech
PeNwCvGYEtg_130_140.wav	1.056	2.211	Speech
PeNwCvGYEtg_130_140.wav	2.574	4.3889999999999985	Speech
PeNwCvGYEtg_130_140.wav	5.6099999999999985	8.777999999999999	Speech
Byfno7q1T-w_4_14.wav	1.584	3.9930000000000003	Dishes
Byfno7q1T-w_4_14.wav	5.643	9.009	Dishes
Byfno7q1T-w_4_14.wav	9.207	9.999	Dishes
Byfno7q1T-w_4_14.wav	0.0	9.999	Frying
xIZpF7kMWkY_40_50.wav	1.188	2.178	Cat
xIZpF7kMWkY_40_50.wav	5.412000000000001	6.666	Cat
xIZpF7kMWkY_40_50.wav	7.556999999999999	8.876999999999997	Cat
xIZpF7kMWkY_40_50.wav	9.537	9.999	Cat
8wvK-9PoVxk_0_10.wav	0.0	9.999	Frying
c30s6OnCApw_590_600.wav	0.0	9.999	Frying
c30s6OnCApw_590_600.wav	0.0	9.999	Speech
lcGGi9YQzEQ_45_55.wav	1.122	1.452	Dog
lcGGi9YQzEQ_45_55.wav	4.455	4.851	Dog
lcGGi9YQzEQ_45_55.wav	5.148	5.511	Dog
lcGGi9YQzEQ_45_55.wav	6.1709999999999985	6.534	Dog
lcGGi9YQzEQ_45_55.wav	7.622999999999998	7.986000000000001	Dog
lcGGi9YQzEQ_45_55.wav	8.876999999999997	9.999	Dog
4e__S9UXOMM_740_750.wav	5.049	5.511	Dishes
4e__S9UXOMM_740_750.wav	6.204	6.996	Dishes
4e__S9UXOMM_740_750.wav	7.7879999999999985	7.9529999999999985	Dishes
4e__S9UXOMM_740_750.wav	8.084999999999999	8.448	Dishes
4e__S9UXOMM_740_750.wav	9.306000000000001	9.636000000000001	Dishes
4e__S9UXOMM_740_750.wav	1.056	6.3359999999999985	Speech
4e__S9UXOMM_740_750.wav	6.864	9.042	Speech
KkyFhpZOikA_0_10.wav	2.508	9.999	Dog
HDe9knU2h3I_0_10.wav	5.181	5.973	Cat
HDe9knU2h3I_0_10.wav	7.359	8.745	Cat
06gFpwTehEM_0_10.wav	0.198	1.122	Alarm_bell_ringing
06gFpwTehEM_0_10.wav	4.5539999999999985	5.082	Alarm_bell_ringing
06gFpwTehEM_0_10.wav	7.524	7.853999999999999	Alarm_bell_ringing
vXZ3ZG0ikaQ_30_40.wav	4.422	4.62	Dishes
vXZ3ZG0ikaQ_30_40.wav	0.0	0.363	Speech
vXZ3ZG0ikaQ_30_40.wav	1.221	4.488	Speech
vXZ3ZG0ikaQ_30_40.wav	5.181	8.052	Speech
vXZ3ZG0ikaQ_30_40.wav	8.382	9.999	Speech
3cqsXEzUdiY_248_258.wav	1.3530000000000002	2.739	Dog
3cqsXEzUdiY_248_258.wav	5.4449999999999985	6.3359999999999985	Dog
3cqsXEzUdiY_248_258.wav	6.831	7.457999999999998	Dog
3cqsXEzUdiY_248_258.wav	7.821000000000001	8.382	Dog
3cqsXEzUdiY_248_258.wav	9.075	9.999	Dog
3cqsXEzUdiY_248_258.wav	3.432	4.191	Speech
aRdB8Q7b3BE_182_192.wav	1.881	7.821000000000001	Electric_shaver_toothbrush
aRdB8Q7b3BE_182_192.wav	0.0	2.013	Speech
aRdB8Q7b3BE_182_192.wav	2.838	3.696	Speech
aRdB8Q7b3BE_182_192.wav	4.323	4.7189999999999985	Speech
aRdB8Q7b3BE_182_192.wav	5.808	6.3359999999999985	Speech
aRdB8Q7b3BE_182_192.wav	7.689	9.999	Speech
FylrKbeMdIg_250_260.wav	5.478	7.7879999999999985	Blender
FylrKbeMdIg_250_260.wav	0.0	0.132	Speech
FylrKbeMdIg_250_260.wav	0.693	5.2799999999999985	Speech
FylrKbeMdIg_250_260.wav	8.876999999999997	9.999	Speech
eXg3xAdtBNY_957_967.wav	0.0	0.066	Dishes
eXg3xAdtBNY_957_967.wav	1.122	1.3530000000000002	Dishes
eXg3xAdtBNY_957_967.wav	2.739	3.267	Dishes
eXg3xAdtBNY_957_967.wav	5.775	6.369	Dishes
eXg3xAdtBNY_957_967.wav	1.419	2.7060000000000004	Speech
eXg3xAdtBNY_957_967.wav	3.63	5.544	Speech
eXg3xAdtBNY_957_967.wav	6.765	7.359	Speech
eXg3xAdtBNY_957_967.wav	7.986000000000001	8.777999999999999	Speech
eXg3xAdtBNY_957_967.wav	9.735	9.999	Speech
I0FoWHYWHdQ_109_119.wav	4.29	8.943	Frying
I0FoWHYWHdQ_109_119.wav	1.089	3.135	Speech
I0FoWHYWHdQ_109_119.wav	9.57	9.999	Speech
AtZDE37weFM_443_453.wav	7.8870000000000005	9.999	Blender
AtZDE37weFM_443_453.wav	0.693	5.544	Speech
AtZDE37weFM_443_453.wav	5.973	6.237	Speech
ZRzWsy0ASGA_0_10.wav	0.363	1.056	Cat
skJfvYT0zPY_282_292.wav	1.9140000000000001	2.805	Dog
skJfvYT0zPY_282_292.wav	3.729	4.158	Dog
skJfvYT0zPY_282_292.wav	6.072	6.468	Dog
skJfvYT0zPY_282_292.wav	9.306000000000001	9.669	Dog
A4ajRYMfoTw_0_10.wav	0.0	9.999	Vacuum_cleaner
RKSMnHtVL1k_0_9.wav	0.528	3.267	Dog
RKSMnHtVL1k_0_9.wav	3.762	8.943	Dog
T4AV7CwofLM_180_190.wav	5.775	6.831	Dishes
T4AV7CwofLM_180_190.wav	0.99	1.617	Speech
ejgqXyfTMic_0_10.wav	2.31	9.999	Vacuum_cleaner
K19FcMyXHqY_300_310.wav	0.0	9.999	Frying
K19FcMyXHqY_300_310.wav	1.089	2.277	Speech
K19FcMyXHqY_300_310.wav	3.498	5.907	Speech
K19FcMyXHqY_300_310.wav	7.127999999999999	8.349	Speech
K19FcMyXHqY_300_310.wav	9.702	9.999	Speech
O95I3N_hkA4_0_8.wav	0.594	1.551	Cat
O95I3N_hkA4_0_8.wav	3.201	4.29	Cat
O95I3N_hkA4_0_8.wav	7.26	8.052	Cat
cKgGzyBosrA_14_24.wav	0.0	4.3889999999999985	Speech
cKgGzyBosrA_14_24.wav	5.016	9.999	Speech
LKABaHrgJbs_0_10.wav	1.584	2.343	Dog
LKABaHrgJbs_0_10.wav	3.465	5.2799999999999985	Dog
LKABaHrgJbs_0_10.wav	6.666	7.1610000000000005	Dog
LKABaHrgJbs_0_10.wav	7.821000000000001	8.216999999999999	Dog
LKABaHrgJbs_0_10.wav	9.009	9.405	Dog
LKABaHrgJbs_0_10.wav	9.801	9.999	Dog
JT34KB_DYk8_86_96.wav	1.089	1.7819999999999998	Cat
JT34KB_DYk8_86_96.wav	5.742000000000001	6.566999999999998	Cat
SqqqRqA2caA_0_10.wav	0.9570000000000001	3.9930000000000003	Dog
SqqqRqA2caA_0_10.wav	6.039	9.57	Dog
s0r4Xs7vdSA_0_10.wav	0.858	1.056	Dishes
s0r4Xs7vdSA_0_10.wav	4.95	5.346	Dishes
s0r4Xs7vdSA_0_10.wav	6.401999999999999	6.962999999999999	Dishes
s0r4Xs7vdSA_0_10.wav	8.844	9.108	Dishes
h8c3djjWsMo_100_110.wav	0.0	2.442	Speech
RWYy5pu4G8I_155_165.wav	0.0	9.999	Frying
D4S8gsjX0KQ_400_410.wav	7.986000000000001	8.118	Dishes
D4S8gsjX0KQ_400_410.wav	1.716	2.805	Speech
aYZXb_sJn3s_0_10.wav	0.16499999999999998	3.432	Dog
aYZXb_sJn3s_0_10.wav	3.795	4.3889999999999985	Dog
aYZXb_sJn3s_0_10.wav	8.613	9.999	Speech
W60T03W7gsw_150_160.wav	2.508	3.135	Speech
W60T03W7gsw_150_160.wav	3.96	5.808	Speech
W60T03W7gsw_150_160.wav	6.1709999999999985	7.391999999999999	Speech
W60T03W7gsw_150_160.wav	7.92	8.448	Speech
W60T03W7gsw_150_160.wav	8.876999999999997	9.999	Speech
vbk65s3inHM_0_10.wav	0.33	9.999	Alarm_bell_ringing
_U8mQlib8Do_23_33.wav	6.435	7.029	Dog
ea8HGPkBy40_455_465.wav	0.33	1.947	Dishes
ea8HGPkBy40_455_465.wav	2.211	2.343	Dishes
ea8HGPkBy40_455_465.wav	5.94	6.6	Dishes
ea8HGPkBy40_455_465.wav	9.207	9.933	Dishes
ea8HGPkBy40_455_465.wav	0.0	9.999	Frying
ea8HGPkBy40_455_465.wav	5.016	6.0059999999999985	Speech
ea8HGPkBy40_455_465.wav	8.58	9.009	Speech
oGrS0avLh8I_0_10.wav	0.0	0.627	Dog
oGrS0avLh8I_0_10.wav	1.287	2.211	Dog
oGrS0avLh8I_0_10.wav	5.577000000000001	8.118	Dog
8eaysdvS-0I_30_40.wav	0.429	5.214	Speech
8eaysdvS-0I_30_40.wav	6.105	7.391999999999999	Speech
8eaysdvS-0I_30_40.wav	7.721999999999999	9.999	Speech
WG3wFpE7sqU_0_10.wav	0.132	0.726	Cat
WG3wFpE7sqU_0_10.wav	1.584	2.178	Cat
WG3wFpE7sqU_0_10.wav	2.739	3.498	Cat
WG3wFpE7sqU_0_10.wav	4.059	4.785	Cat
WG3wFpE7sqU_0_10.wav	5.2799999999999985	5.94	Cat
WG3wFpE7sqU_0_10.wav	6.996	7.457999999999998	Cat
WG3wFpE7sqU_0_10.wav	8.58	9.24	Cat
EtqJW4awiv8_0_10.wav	1.023	4.323	Dog
EtqJW4awiv8_0_10.wav	5.214	5.412000000000001	Dog
EtqJW4awiv8_0_10.wav	5.94	9.141	Dog
EtqJW4awiv8_0_10.wav	4.7189999999999985	6.039	Speech
LJGvq0kuV1g_0_10.wav	0.0	9.999	Vacuum_cleaner
scL0NmgauxQ_0_10.wav	0.0	7.689	Running_water
B5gInnQnoLk_423_433.wav	3.8280000000000003	9.999	Running_water
fy78k_pwDzc_2_12.wav	2.8710000000000004	9.999	Running_water
X6fzg9s0VD8_10_20.wav	0.0	9.999	Speech
qYheBspHDuQ_18_28.wav	2.112	3.3	Alarm_bell_ringing
qYheBspHDuQ_18_28.wav	0.0	0.528	Speech
qYheBspHDuQ_18_28.wav	4.059	4.323	Speech
qYheBspHDuQ_18_28.wav	4.917	5.478	Speech
qYheBspHDuQ_18_28.wav	5.94	7.721999999999999	Speech
qYheBspHDuQ_18_28.wav	8.151	9.834	Speech
7QpEG3T0rJs_10_20.wav	1.023	9.999	Vacuum_cleaner
mTZE86_uuno_166_176.wav	0.0	4.488	Frying
mTZE86_uuno_166_176.wav	0.132	1.452	Speech
mTZE86_uuno_166_176.wav	1.716	2.673	Speech
mTZE86_uuno_166_176.wav	4.323	5.709	Speech
mTZE86_uuno_166_176.wav	5.973	7.622999999999998	Speech
mTZE86_uuno_166_176.wav	7.9529999999999985	9.801	Speech
O0rsix08f50_0_10.wav	0.0	9.999	Vacuum_cleaner
P-0G98gK5dc_32_42.wav	3.102	5.742000000000001	Alarm_bell_ringing
P-0G98gK5dc_32_42.wav	7.457999999999998	9.999	Alarm_bell_ringing
3ssQMGnK118_364_374.wav	5.94	9.042	Frying
3ssQMGnK118_364_374.wav	0.0	0.759	Speech
3ssQMGnK118_364_374.wav	1.056	2.343	Speech
3ssQMGnK118_364_374.wav	2.673	5.973	Speech
3ssQMGnK118_364_374.wav	6.501	8.481	Speech
3ssQMGnK118_364_374.wav	8.777999999999999	9.999	Speech
f3yml_aKs7M_87_97.wav	0.132	4.917	Speech
f3yml_aKs7M_87_97.wav	5.247000000000001	9.537	Speech
D8N1fJ81wE4_156_166.wav	3.333	3.696	Dishes
D8N1fJ81wE4_156_166.wav	3.8280000000000003	4.191	Dishes
D8N1fJ81wE4_156_166.wav	5.181	6.369	Dishes
D8N1fJ81wE4_156_166.wav	9.009	9.405	Dishes
D8N1fJ81wE4_156_166.wav	9.702	9.999	Dishes
D8N1fJ81wE4_156_166.wav	0.0	2.31	Speech
D8N1fJ81wE4_156_166.wav	4.323	5.049	Speech
D8N1fJ81wE4_156_166.wav	8.084999999999999	8.481	Speech
JDEMbxaGFa8_8_17.wav	0.0	1.485	Running_water
uRLJKuTPoE0_160_170.wav	0.0	0.627	Speech
uRLJKuTPoE0_160_170.wav	1.023	2.442	Speech
uRLJKuTPoE0_160_170.wav	2.97	7.095	Speech
uRLJKuTPoE0_160_170.wav	7.656000000000001	8.448	Speech
QP4dmDnHiGc_106_116.wav	3.234	8.844	Electric_shaver_toothbrush
QP4dmDnHiGc_106_116.wav	0.0	3.3989999999999996	Speech
QP4dmDnHiGc_106_116.wav	3.861	5.643	Speech
QP4dmDnHiGc_106_116.wav	8.876999999999997	9.999	Speech
qfiOLoU2WZg_400_410.wav	8.184	8.315999999999999	Dishes
JYwj64SVBHY_395_405.wav	5.775	6.1709999999999985	Dishes
JYwj64SVBHY_395_405.wav	6.831	6.962999999999999	Dishes
JYwj64SVBHY_395_405.wav	7.26	7.7879999999999985	Dishes
JYwj64SVBHY_395_405.wav	5.247000000000001	5.742000000000001	Speech
O0pNTFDpVzc_493_503.wav	0.0	9.999	Frying
O0pNTFDpVzc_493_503.wav	2.145	3.432	Speech
aY2Ds85OoYg_0_10.wav	1.3199999999999998	5.2799999999999985	Dog
aY2Ds85OoYg_0_10.wav	6.831	7.524	Dog
aY2Ds85OoYg_0_10.wav	8.151	9.834	Dog
aY2Ds85OoYg_0_10.wav	1.584	2.079	Speech
aY2Ds85OoYg_0_10.wav	5.676	7.127999999999999	Speech
68BYINd-Wr8_329_339.wav	0.0	9.999	Frying
68BYINd-Wr8_329_339.wav	5.313	6.864	Speech
68BYINd-Wr8_329_339.wav	8.052	9.999	Speech
zGkKbB44eUc_120_130.wav	1.815	2.442	Alarm_bell_ringing
zGkKbB44eUc_120_130.wav	2.772	3.036	Alarm_bell_ringing
zGkKbB44eUc_120_130.wav	4.851	5.181	Alarm_bell_ringing
zGkKbB44eUc_120_130.wav	5.742000000000001	6.237	Alarm_bell_ringing
zGkKbB44eUc_120_130.wav	6.731999999999998	7.2269999999999985	Alarm_bell_ringing
zGkKbB44eUc_120_130.wav	7.721999999999999	8.216999999999999	Alarm_bell_ringing
zGkKbB44eUc_120_130.wav	9.735	9.999	Alarm_bell_ringing
jWCzR87yUC8_0_10.wav	0.627	2.937	Alarm_bell_ringing
jWCzR87yUC8_0_10.wav	4.3889999999999985	9.9	Alarm_bell_ringing
CS5klzZwjq8_0_10.wav	4.125	9.999	Running_water
b4-NjAp2Fpg_16_26.wav	0.0	9.999	Running_water
28J2wfnCVwI_85_95.wav	0.363	2.112	Speech
28J2wfnCVwI_85_95.wav	3.861	5.2799999999999985	Speech
28J2wfnCVwI_85_95.wav	5.840999999999998	8.481	Speech
28J2wfnCVwI_85_95.wav	8.943	9.999	Speech
HTVUJA1_yss_31_41.wav	1.617	2.574	Dog
HTVUJA1_yss_31_41.wav	3.597	3.96	Dog
HTVUJA1_yss_31_41.wav	5.181	5.907	Dog
HTVUJA1_yss_31_41.wav	8.811	9.999	Dog
_JuGeQeAx0g_1150_1160.wav	0.0	9.999	Frying
lR9fFjPFZ4g_0_10.wav	0.363	2.244	Alarm_bell_ringing
lR9fFjPFZ4g_0_10.wav	3.696	5.346	Alarm_bell_ringing
lR9fFjPFZ4g_0_10.wav	7.194	9.999	Alarm_bell_ringing
TB3ON-iSiT4_0_10.wav	1.089	1.749	Cat
TB3ON-iSiT4_0_10.wav	4.917	5.643	Cat
TB3ON-iSiT4_0_10.wav	0.363	0.759	Speech
TB3ON-iSiT4_0_10.wav	1.881	4.356	Speech
TB3ON-iSiT4_0_10.wav	5.709	7.986000000000001	Speech
TB3ON-iSiT4_0_10.wav	8.546999999999999	9.999	Speech
LymixehBI68_36_46.wav	0.0	9.999	Running_water
tXqF2NSqP9U_7_17.wav	1.3530000000000002	9.999	Electric_shaver_toothbrush
HnfGqtJpem8_33_43.wav	1.716	2.739	Dog
HnfGqtJpem8_33_43.wav	3.3989999999999996	4.158	Dog
HnfGqtJpem8_33_43.wav	4.5539999999999985	5.2799999999999985	Dog
HnfGqtJpem8_33_43.wav	5.808	6.303	Dog
HnfGqtJpem8_33_43.wav	6.699	7.292999999999998	Dog
oedC1FTmNGw_48_58.wav	3.498	5.4449999999999985	Electric_shaver_toothbrush
oedC1FTmNGw_48_58.wav	8.58	9.999	Electric_shaver_toothbrush
oedC1FTmNGw_48_58.wav	0.132	2.145	Speech
oedC1FTmNGw_48_58.wav	3.63	8.645999999999999	Speech
oedC1FTmNGw_48_58.wav	8.943	9.999	Speech
3p3u-Utoj8Y_0_10.wav	0.759	9.999	Alarm_bell_ringing
ly1dAtX0_uU_50_60.wav	1.452	3.069	Speech
ly1dAtX0_uU_50_60.wav	3.366	9.999	Speech
sEouB4jNuKg_268_278.wav	0.0	0.8909999999999999	Dog
sEouB4jNuKg_268_278.wav	1.023	1.419	Dog
sEouB4jNuKg_268_278.wav	2.013	2.376	Dog
sEouB4jNuKg_268_278.wav	6.0059999999999985	6.27	Dog
sEouB4jNuKg_268_278.wav	6.797999999999999	8.084999999999999	Dog
a2fUv6m_mjE_0_10.wav	0.066	9.999	Alarm_bell_ringing
2MN7pxnGG4g_0_10.wav	0.6599999999999999	1.3530000000000002	Alarm_bell_ringing
2MN7pxnGG4g_0_10.wav	2.244	3.234	Alarm_bell_ringing
2MN7pxnGG4g_0_10.wav	4.257	5.049	Alarm_bell_ringing
2MN7pxnGG4g_0_10.wav	6.3359999999999985	7.292999999999998	Alarm_bell_ringing
2MN7pxnGG4g_0_10.wav	8.25	9.372	Alarm_bell_ringing
FRJa9ibKm_U_0_10.wav	1.848	5.016	Alarm_bell_ringing
FRJa9ibKm_U_0_10.wav	7.0619999999999985	9.9	Alarm_bell_ringing
HpRvSpsed7w_222_232.wav	3.201	5.2799999999999985	Speech
J1TPeGMCAYw_1312_1322.wav	0.0	9.999	Frying
sO7U0uxgOcA_0_10.wav	1.617	5.874	Running_water
9VGkbXCgZwU_0_10.wav	7.194	9.999	Vacuum_cleaner
NFTiAWQZgdQ_20_30.wav	1.287	9.999	Vacuum_cleaner
-6Vtt4ubkC8_78_88.wav	1.716	9.999	Electric_shaver_toothbrush
FkQ12ZSWlcQ_162_172.wav	3.003	9.999	Frying
FkQ12ZSWlcQ_162_172.wav	5.313	7.292999999999998	Speech
FkQ12ZSWlcQ_162_172.wav	8.546999999999999	9.438	Speech
ySZ1oj_NHSA_4_14.wav	0.0	9.999	Running_water
OPNy0wF5Yc4_297_307.wav	0.858	9.999	Electric_shaver_toothbrush
OPNy0wF5Yc4_297_307.wav	0.0	0.5609999999999999	Speech
OPNy0wF5Yc4_297_307.wav	8.645999999999999	8.975999999999997	Speech
SRYDsLbMZY4_195_205.wav	2.7060000000000004	9.999	Blender
SRYDsLbMZY4_195_205.wav	1.254	1.7819999999999998	Speech
Bq8CZxKRaBk_72_82.wav	0.0	9.999	Blender
PDd0Id1uk58_33_43.wav	1.089	9.999	Vacuum_cleaner
WdrIaDgepB4_3_13.wav	2.574	4.5539999999999985	Alarm_bell_ringing
WdrIaDgepB4_3_13.wav	7.095	9.504	Alarm_bell_ringing
WdrIaDgepB4_3_13.wav	9.702	9.999	Alarm_bell_ringing
KilQtE5Nl90_0_10.wav	2.904	9.999	Vacuum_cleaner
yuWjGeMSdB8_0_10.wav	0.99	9.999	Running_water
yuWjGeMSdB8_0_10.wav	2.541	3.3	Speech
XpRtmy2pO9A_0_10.wav	1.221	9.999	Alarm_bell_ringing
nkok_5SBhRo_0_10.wav	3.762	9.999	Dog
2duVGulE6lo_81_91.wav	0.0	0.5609999999999999	Speech
2duVGulE6lo_81_91.wav	0.858	7.26	Speech
2duVGulE6lo_81_91.wav	7.7879999999999985	9.999	Vacuum_cleaner
A5bC6KJD6l8_0_10.wav	2.475	4.62	Dog
4Ue4_WhD6Mg_10_20.wav	0.0	9.999	Electric_shaver_toothbrush
fPvReS0eqLw_127_137.wav	7.292999999999998	7.4910000000000005	Dishes
fPvReS0eqLw_127_137.wav	7.7879999999999985	8.613	Dishes
fPvReS0eqLw_127_137.wav	8.91	9.339	Dishes
fPvReS0eqLw_127_137.wav	0.132	4.224	Speech
0B_FmLiGad0_117_127.wav	2.244	4.356	Electric_shaver_toothbrush
FRNo-gYhgbM_0_10.wav	2.112	7.194	Running_water
oe2WvuNIMEM_226_236.wav	1.254	6.435	Blender
YjCpZa3ZgxI_0_10.wav	2.013	9.999	Vacuum_cleaner
QsnRCPlG2WI_7_17.wav	0.297	7.3260000000000005	Dog
QsnRCPlG2WI_7_17.wav	7.689	9.999	Dog
QsnRCPlG2WI_7_17.wav	0.0	5.346	Speech
QsnRCPlG2WI_7_17.wav	5.742000000000001	6.072	Speech
wpk1UzDQo98_2_12.wav	7.359	9.999	Vacuum_cleaner
d1RLvzECuR0_5_15.wav	2.178	9.999	Vacuum_cleaner
e8jhGkgHG44_0_10.wav	0.0	9.999	Electric_shaver_toothbrush
-uQVTqZ1MAQ_35_45.wav	0.0	9.273	Speech
pKFu7HjukpE_0_10.wav	0.0	0.528	Dog
pKFu7HjukpE_0_10.wav	0.7919999999999999	2.178	Dog
pKFu7HjukpE_0_10.wav	3.696	5.478	Dog
yCJDI5Lr3M8_10_20.wav	0.0	9.999	Electric_shaver_toothbrush
yoBlzwzynHI_0_10.wav	1.6829999999999998	2.508	Cat
yoBlzwzynHI_0_10.wav	5.709	6.666	Cat
yoBlzwzynHI_0_10.wav	8.613	9.57	Cat
zM515Ca0AiI_79_89.wav	0.198	0.396	Alarm_bell_ringing
zM515Ca0AiI_79_89.wav	0.693	0.924	Alarm_bell_ringing
zM515Ca0AiI_79_89.wav	1.188	1.419	Alarm_bell_ringing
zM515Ca0AiI_79_89.wav	1.6829999999999998	1.9140000000000001	Alarm_bell_ringing
zM515Ca0AiI_79_89.wav	2.178	2.4090000000000003	Alarm_bell_ringing
zM515Ca0AiI_79_89.wav	2.673	2.904	Alarm_bell_ringing
zM515Ca0AiI_79_89.wav	3.168	3.3989999999999996	Alarm_bell_ringing
zM515Ca0AiI_79_89.wav	3.696	3.927	Alarm_bell_ringing
zM515Ca0AiI_79_89.wav	4.191	4.422	Alarm_bell_ringing
zM515Ca0AiI_79_89.wav	4.686	4.917	Alarm_bell_ringing
zM515Ca0AiI_79_89.wav	5.181	5.412000000000001	Alarm_bell_ringing
zM515Ca0AiI_79_89.wav	5.676	5.907	Alarm_bell_ringing
zM515Ca0AiI_79_89.wav	6.1709999999999985	6.435	Alarm_bell_ringing
zM515Ca0AiI_79_89.wav	6.666	6.93	Alarm_bell_ringing
zM515Ca0AiI_79_89.wav	7.194	7.425	Alarm_bell_ringing
zM515Ca0AiI_79_89.wav	7.689	7.92	Alarm_bell_ringing
zM515Ca0AiI_79_89.wav	8.184	8.415	Alarm_bell_ringing
zM515Ca0AiI_79_89.wav	8.679	8.91	Alarm_bell_ringing
zM515Ca0AiI_79_89.wav	9.174	9.405	Alarm_bell_ringing
zM515Ca0AiI_79_89.wav	9.669	9.933	Alarm_bell_ringing
K5NIxYokRv4_4_14.wav	2.607	9.999	Blender
K5NIxYokRv4_4_14.wav	0.0	2.046	Speech
DjydV6lJuXA_0_10.wav	0.099	1.056	Dog
DjydV6lJuXA_0_10.wav	1.518	5.709	Dog
DjydV6lJuXA_0_10.wav	6.864	8.151	Dog
DjydV6lJuXA_0_10.wav	8.712	8.876999999999997	Dog
0DEKat97psc_27_37.wav	1.023	1.551	Dog
0DEKat97psc_27_37.wav	1.749	2.31	Dog
0DEKat97psc_27_37.wav	3.003	3.531	Dog
0DEKat97psc_27_37.wav	3.861	4.323	Dog
0DEKat97psc_27_37.wav	4.488	5.907	Dog
0DEKat97psc_27_37.wav	6.369	6.8969999999999985	Dog
0DEKat97psc_27_37.wav	7.3260000000000005	7.9529999999999985	Dog
0DEKat97psc_27_37.wav	8.184	8.91	Dog
0DEKat97psc_27_37.wav	9.174	9.933	Dog
KyMLn8cnfL0_66_76.wav	0.528	1.7819999999999998	Speech
KyMLn8cnfL0_66_76.wav	2.244	4.158	Speech
KyMLn8cnfL0_66_76.wav	4.587	6.0059999999999985	Speech
KyMLn8cnfL0_66_76.wav	6.303	7.721999999999999	Speech
KyMLn8cnfL0_66_76.wav	8.876999999999997	9.999	Speech
NrdkLZFWwr0_102_112.wav	1.7819999999999998	7.689	Frying
NrdkLZFWwr0_102_112.wav	0.0	1.7819999999999998	Speech
NrdkLZFWwr0_102_112.wav	2.046	2.475	Speech
NrdkLZFWwr0_102_112.wav	3.3989999999999996	5.874	Speech
NrdkLZFWwr0_102_112.wav	7.59	7.853999999999999	Speech
NrdkLZFWwr0_102_112.wav	8.448	9.405	Speech
DAtsXfxKG0A_53_63.wav	4.851	5.247000000000001	Dishes
DAtsXfxKG0A_53_63.wav	8.876999999999997	9.405	Dishes
DAtsXfxKG0A_53_63.wav	1.056	3.3989999999999996	Speech
DAtsXfxKG0A_53_63.wav	7.59	9.009	Speech
6CLqqCp8Jfo_138_148.wav	1.485	2.145	Alarm_bell_ringing
6CLqqCp8Jfo_138_148.wav	9.405	9.999	Alarm_bell_ringing
6CLqqCp8Jfo_138_148.wav	5.2799999999999985	5.973	Speech
G9z_0Zq28_Y_216_226.wav	0.726	0.99	Dishes
G9z_0Zq28_Y_216_226.wav	0.0	9.999	Frying
G9z_0Zq28_Y_216_226.wav	4.521	7.7879999999999985	Speech
FylrKbeMdIg_303_313.wav	8.283	8.58	Dishes
FylrKbeMdIg_303_313.wav	0.0	1.6829999999999998	Speech
FylrKbeMdIg_303_313.wav	2.64	4.224	Speech
FylrKbeMdIg_303_313.wav	4.9830000000000005	8.216999999999999	Speech
FylrKbeMdIg_303_313.wav	8.91	9.999	Speech
86ekc_OvaCI_192_202.wav	6.435	9.999	Blender
86ekc_OvaCI_192_202.wav	0.297	1.287	Speech
qoctnXzSYnk_0_7.wav	1.155	3.63	Alarm_bell_ringing
YeEcxJ5a0uY_0_10.wav	0.429	0.99	Cat
YeEcxJ5a0uY_0_10.wav	1.452	1.815	Cat
YeEcxJ5a0uY_0_10.wav	3.465	4.026	Cat
YeEcxJ5a0uY_0_10.wav	5.412000000000001	5.874	Cat
YeEcxJ5a0uY_0_10.wav	6.401999999999999	7.2269999999999985	Cat
YeEcxJ5a0uY_0_10.wav	9.669	9.999	Cat
dERGNR5XkuM_198_208.wav	1.122	1.518	Speech
dERGNR5XkuM_198_208.wav	1.815	2.805	Speech
dERGNR5XkuM_198_208.wav	4.422	6.401999999999999	Speech
dERGNR5XkuM_198_208.wav	7.2269999999999985	8.415	Speech
Bl47fI-jiIk_0_10.wav	6.1709999999999985	8.283	Alarm_bell_ringing
Bl47fI-jiIk_0_10.wav	0.198	2.541	Speech
Bl47fI-jiIk_0_10.wav	4.488	5.775	Speech
wetkH9PHOG8_12_22.wav	3.927	9.999	Vacuum_cleaner
aAywvxNlTsk_14_24.wav	2.145	7.1610000000000005	Electric_shaver_toothbrush
kk2s7lMpHIs_31_41.wav	8.084999999999999	9.999	Electric_shaver_toothbrush
kk2s7lMpHIs_31_41.wav	0.462	3.465	Speech
kk2s7lMpHIs_31_41.wav	4.026	4.323	Speech
kk2s7lMpHIs_31_41.wav	6.468	7.095	Speech
kk2s7lMpHIs_31_41.wav	9.768	9.999	Speech
zqH2H6OYy_M_107_117.wav	2.4090000000000003	3.861	Electric_shaver_toothbrush
zqH2H6OYy_M_107_117.wav	5.577000000000001	9.999	Electric_shaver_toothbrush
zqH2H6OYy_M_107_117.wav	0.5609999999999999	2.475	Speech
zqH2H6OYy_M_107_117.wav	3.8280000000000003	6.27	Speech
zqH2H6OYy_M_107_117.wav	6.765	9.24	Speech
r_CUAdmKG7Q_24_34.wav	1.122	3.069	Speech
r_CUAdmKG7Q_24_34.wav	3.498	4.488	Speech
4KcGV2CMCRo_75_85.wav	4.323	5.676	Running_water
4KcGV2CMCRo_75_85.wav	1.155	2.211	Speech
4KcGV2CMCRo_75_85.wav	3.267	4.521	Speech
4KcGV2CMCRo_75_85.wav	6.138	9.999	Speech
4iAq_bdEXBg_187_197.wav	2.607	6.566999999999998	Electric_shaver_toothbrush
4iAq_bdEXBg_187_197.wav	0.0	0.858	Speech
4iAq_bdEXBg_187_197.wav	1.7819999999999998	2.508	Speech
4iAq_bdEXBg_187_197.wav	3.102	4.059	Speech
4iAq_bdEXBg_187_197.wav	6.303	9.999	Speech
_Nn6I3eEt9g_17_27.wav	0.726	3.432	Alarm_bell_ringing
_Nn6I3eEt9g_17_27.wav	5.148	7.391999999999999	Dog
3awAJGoAyeI_456_466.wav	3.201	3.63	Speech
3awAJGoAyeI_456_466.wav	5.808	6.996	Speech
TkOqM7blqz0_172_182.wav	0.924	9.999	Vacuum_cleaner
EE-Qo5LpnRI_120_130.wav	6.039	6.435	Dishes
JuxXzuhHtC8_8_18.wav	1.848	6.566999999999998	Electric_shaver_toothbrush
JuxXzuhHtC8_8_18.wav	1.089	2.574	Speech
JuxXzuhHtC8_8_18.wav	6.237	6.666	Speech
JuxXzuhHtC8_8_18.wav	7.029	8.415	Speech
b8xOvC2KnOU_438_448.wav	0.0	1.7819999999999998	Speech
b8xOvC2KnOU_438_448.wav	2.541	6.369	Speech
b8xOvC2KnOU_438_448.wav	7.2269999999999985	8.349	Speech
b8xOvC2KnOU_438_448.wav	9.174	9.999	Speech
kHDjKy40rWE_50_60.wav	4.7189999999999985	5.643	Cat
kHDjKy40rWE_50_60.wav	8.745	9.57	Cat
4IEUeikTp2A_13_23.wav	1.287	2.211	Cat
4IEUeikTp2A_13_23.wav	7.721999999999999	8.876999999999997	Cat
L7voeglj11E_47_57.wav	0.0	9.999	Frying
Fo3g_l1y1IU_0_10.wav	1.3199999999999998	1.716	Dog
Fo3g_l1y1IU_0_10.wav	2.145	2.541	Dog
Fo3g_l1y1IU_0_10.wav	3.8280000000000003	4.587	Dog
Fo3g_l1y1IU_0_10.wav	8.448	9.735	Dog
CMqILvK7m0M_0_10.wav	0.0	9.999	Frying
DzyrGWN8GOU_335_345.wav	0.0	9.999	Frying
MRq8k-y8-oI_7_17.wav	0.0	5.049	Running_water
Dtd-R_MjDp8_148_158.wav	8.315999999999999	9.339	Alarm_bell_ringing
Dtd-R_MjDp8_148_158.wav	0.0	1.881	Speech
Dtd-R_MjDp8_148_158.wav	3.003	5.676	Speech
Dtd-R_MjDp8_148_158.wav	6.731999999999998	7.292999999999998	Speech
Dtd-R_MjDp8_148_158.wav	9.405	9.999	Speech
uuoncTDrugo_69_79.wav	1.584	3.8280000000000003	Dishes
uuoncTDrugo_69_79.wav	3.9930000000000003	4.125	Dishes
uuoncTDrugo_69_79.wav	5.049	5.313	Dishes
uuoncTDrugo_69_79.wav	6.731999999999998	6.962999999999999	Dishes
uuoncTDrugo_69_79.wav	7.4910000000000005	7.656000000000001	Dishes
uuoncTDrugo_69_79.wav	9.24	9.669	Dishes
uuoncTDrugo_69_79.wav	0.429	0.9570000000000001	Speech
uuoncTDrugo_69_79.wav	5.643	6.632999999999999	Speech
uuoncTDrugo_69_79.wav	8.216999999999999	8.844	Speech
g7os6aD1zwg_1074_1084.wav	2.64	2.97	Cat
_H7dUtmIVSc_257_267.wav	0.0	1.617	Speech
_H7dUtmIVSc_257_267.wav	2.8710000000000004	7.0619999999999985	Speech
_H7dUtmIVSc_257_267.wav	7.391999999999999	9.867	Speech
Q48FfV6udXs_296_306.wav	0.0	0.297	Speech
Q48FfV6udXs_296_306.wav	2.805	6.039	Speech
Q48FfV6udXs_296_306.wav	6.731999999999998	9.999	Vacuum_cleaner
hawAni0E3cI_0_10.wav	0.0	7.425	Running_water
VCCRNTbfc_c_300_310.wav	0.16499999999999998	9.372	Dishes
VCCRNTbfc_c_300_310.wav	9.735	9.999	Dishes
VCCRNTbfc_c_300_310.wav	0.0	9.999	Frying
rn3Dp8zuraw_100_110.wav	1.3199999999999998	3.696	Dog
rn3Dp8zuraw_100_110.wav	4.917	6.401999999999999	Dog
rn3Dp8zuraw_100_110.wav	7.4910000000000005	8.151	Dog
rn3Dp8zuraw_100_110.wav	8.349	8.91	Dog
e0CcD1uOlrY_0_10.wav	0.693	1.254	Dog
e0CcD1uOlrY_0_10.wav	2.31	2.772	Dog
e0CcD1uOlrY_0_10.wav	3.564	4.059	Dog
e0CcD1uOlrY_0_10.wav	4.6530000000000005	5.148	Dog
onBPLjN7vGg_63_73.wav	1.518	3.9930000000000003	Dog
onBPLjN7vGg_63_73.wav	6.93	8.118	Dog
onBPLjN7vGg_63_73.wav	8.349	8.645999999999999	Dog
onBPLjN7vGg_63_73.wav	8.844	9.801	Dog
4fyWleU80yY_366_376.wav	0.0	9.999	Frying
4fyWleU80yY_366_376.wav	1.6829999999999998	2.145	Speech
4fyWleU80yY_366_376.wav	4.587	5.412000000000001	Speech
g10lA7bbS2s_0_10.wav	0.0	9.999	Blender
-dJ-9S6PdYM_498_508.wav	3.135	3.63	Dishes
dAji7kMm2jk_37_47.wav	1.254	5.94	Alarm_bell_ringing
3IolIoLZBCQ_25_35.wav	0.0	9.999	Dog
eLQHmLaMOOI_0_10.wav	2.013	2.607	Dog
eLQHmLaMOOI_0_10.wav	2.805	4.191	Dog
eLQHmLaMOOI_0_10.wav	4.9830000000000005	5.709	Dog
eLQHmLaMOOI_0_10.wav	8.283	9.999	Dog
QhOdmJMwYvw_456_466.wav	0.594	0.924	Speech
QhOdmJMwYvw_456_466.wav	2.442	2.8710000000000004	Speech
QhOdmJMwYvw_456_466.wav	3.927	4.488	Speech
QhOdmJMwYvw_456_466.wav	6.797999999999999	9.471	Speech
YYqaGwN2epw_46_56.wav	0.7919999999999999	1.122	Dog
YYqaGwN2epw_46_56.wav	4.125	4.521	Dog
YYqaGwN2epw_46_56.wav	4.8180000000000005	5.214	Dog
YYqaGwN2epw_46_56.wav	5.874	6.204	Dog
YYqaGwN2epw_46_56.wav	7.292999999999998	7.689	Dog
YYqaGwN2epw_46_56.wav	8.546999999999999	9.636000000000001	Dog
Bnb3svkwpdY_550_560.wav	0.99	9.999	Speech
uu3PCZlcQkE_146_156.wav	1.98	3.597	Speech
uu3PCZlcQkE_146_156.wav	4.3889999999999985	9.999	Speech
GiItnQaLIug_1279_1289.wav	0.0	9.999	Vacuum_cleaner
